name	domain	category	rounds	com_status	price	renewal	premium	fed_active	fed_dissolved	fed_total	fed_sample	verdict
Achillesforge	achillesforge.com	greek_roman_chad	v2	AVAILABLE	11.08	11.08	no	0	0	0		CLEAR
Achillesworks	achillesworks.com	greek_roman_chad	v2									UNKNOWN
Aegiscore	aegiscore.com	greek_roman_chad	v2									UNKNOWN
Aegisforge	aegisforge.com	greek_roman_chad	v2									UNKNOWN
Aegisworks	aegisworks.com	greek_roman_chad	v2									UNKNOWN
Apexbeast	apexbeast.com	moggy_sigma	v2									UNKNOWN
Apexgrid	apexgrid.com	moggy_sigma	v2									UNKNOWN
Apexridge	apexridge.com	moggy_sigma	v2									UNKNOWN
Apexsavage	apexsavage.com	moggy_sigma	v2									UNKNOWN
Apexstride	apexstride.com	moggy_sigma	v2									UNKNOWN
Apexvault	apexvault.com	moggy_sigma	v2									UNKNOWN
Apolloforge	apolloforge.com	greek_roman_chad	v2									UNKNOWN
Apollovault	apollovault.com	greek_roman_chad	v2									UNKNOWN
Apolloworks	apolloworks.com	greek_roman_chad	v2									UNKNOWN
Aremvor	aremvor.com	tech_general	v5	AVAILABLE	11.08	11.08	no	0	0	0		CLEAR
Argenta	argenta.com	enterprise_invented	v2									UNKNOWN
Atlasclad	atlasclad.com	greek_roman_chad	v2	AVAILABLE	11.08	11.08	no	0	0	0		CLEAR
Atlasforge	atlasforge.com	greek_roman_chad	v2									UNKNOWN
Atlasridge	atlasridge.com	greek_roman_chad	v2									UNKNOWN
Atlasvault	atlasvault.com	greek_roman_chad	v2									UNKNOWN
Atlasworks	atlasworks.com	greek_roman_chad	v2									UNKNOWN
Aurelin	aurelin.com	enterprise_invented	v2									UNKNOWN
Avenarith	avenarith.com	tech_general	v5	AVAILABLE	11.08	11.08	no	0	0	0		CLEAR
Avendris	avendris.com	latin_long	v6	TAKEN				0	0	0		TAKEN
Avronell	avronell.com	tech_general	v5	AVAILABLE	11.08	11.08	no	0	0	0		CLEAR
Beastclad	beastclad.com	moggy_sigma	v2	AVAILABLE	11.08	11.08	no	0	0	0		CLEAR
Beastedge	beastedge.com	moggy_sigma	v2									UNKNOWN
Beastforge	beastforge.com	moggy_sigma	v2									UNKNOWN
Beastsavage	beastsavage.com	moggy_sigma	v2									UNKNOWN
Beastvault	beastvault.com	moggy_sigma	v2									UNKNOWN
Belvanor	belvanor.com	latin_long	v6	AVAILABLE	11.08	11.08	no	0	0	0		CLEAR
Boldfield	boldfield.com	tech_general	v5									UNKNOWN
Boldgrove	boldgrove.com	two_word	v6	TAKEN				0	0	0		TAKEN
Boldport	boldport.com	tech_general	v5									UNKNOWN
Boldridge	boldridge.com	tech_general	v5									UNKNOWN
Boldstone	boldstone.com	tech_general	v5									UNKNOWN
Boldwell	boldwell.com	tech_general	v5									UNKNOWN
Branchwell	branchwell.com	two_word_pro	v1									UNKNOWN
Brassmere	brassmere.com	two_word	v6	TAKEN				0	0	0		TAKEN
Brawlsigma	brawlsigma.com	moggy_sigma	v2	AVAILABLE	11.08	11.08	no	0	0	0		CLEAR
Brawlstride	brawlstride.com	moggy_sigma	v2	AVAILABLE	11.08	11.08	no	0	0	0		CLEAR
Brawlvault	brawlvault.com	moggy_sigma	v2									UNKNOWN
Braxenor	braxenor.com	tech_general	v4	AVAILABLE	11.08	11.08	no	0	0	0		CLEAR
Braxonova	braxonova.com	tech_general	v4	AVAILABLE	11.08	11.08	no	0	0	0		CLEAR
Brendanos	brendanos.com	tech_general	v5	AVAILABLE	11.08	11.08	no	0	0	0		CLEAR
Brendar	brendar.com	tech_general	v4									UNKNOWN
Brendo	brendo.com	short_invented	v6	TAKEN				0	0	0		TAKEN
Brento	brento.com	tech_general	v5									UNKNOWN
Brevelta	brevelta.com	tech_general	v5	AVAILABLE	11.08	11.08	no	0	0	0		CLEAR
Brevidor	brevidor.com	tech_general	v5	AVAILABLE	11.08	11.08	no	0	0	0		CLEAR
Brevidos	brevidos.com	tech_general	v5	AVAILABLE	11.08	11.08	no	0	0	0		CLEAR
Brevix	brevix.com	short_invented	v6	TAKEN				0	0	0		TAKEN
Brexa	brexa.com	tech_short	v3									UNKNOWN
Brexora	brexora.com	tech_short	v3									UNKNOWN
Bridvor	bridvor.com	tech_general	v5	AVAILABLE	11.08	11.08	no	0	0	0		CLEAR
Brightforge	brightforge.com	two_word	v6	TAKEN				0	0	0		TAKEN
Brightwell	brightwell.com	two_word_pro	v1									UNKNOWN
Brivex	brivex.com	short_invented	v6	TAKEN				0	0	0		TAKEN
Brovenell	brovenell.com	tech_general	v5	AVAILABLE	11.08	11.08	no	0	0	0		CLEAR
Broxa	broxa.com	enterprise_invented	v2									UNKNOWN
Brux	brux.com	tech_short	v3									UNKNOWN
Calandel	calandel.com	enterprise_invented	v2	AVAILABLE	11.08	11.08	no	0	0	0		CLEAR
Calandor	calandor.com	tech_mid	v3									UNKNOWN
Calanence	calanence.com	tech_general	v5	AVAILABLE	11.08	11.08	no	0	0	0		CLEAR
Calant	calant.com	tech_modern	v3									UNKNOWN
Calanta	calanta.com	enterprise_invented	v2									UNKNOWN
Calantha	calantha.com	tech_general	v5									UNKNOWN
Calantrix	calantrix.com	pro_invented_long	v1	AVAILABLE	11.08	11.08	no	0	0	0		CLEAR
Calare	calare.com	tech_modern	v3									UNKNOWN
Calaris	calaris.com	tech_general	v5									UNKNOWN
Calaros	calaros.com	tech_general	v4	AVAILABLE	11.08	11.08	no	0	0	0		CLEAR
Calatial	calatial.com	tech_general	v5	AVAILABLE	11.08	11.08	no	0	0	0		CLEAR
Calatic	calatic.com	tech_general	v4									UNKNOWN
Calatide	calatide.com	tech_general	v4	AVAILABLE	11.08	11.08	no	0	0	0		CLEAR
Calatier	calatier.com	tech_general	v5	AVAILABLE	11.08	11.08	no	0	0	0		CLEAR
Calavos	calavos.com	tech_general	v4									UNKNOWN
Calbase	calbase.com	tech_general	v4									UNKNOWN
Calbaxis	calbaxis.com	tech_general	v5	AVAILABLE	11.08	11.08	no	0	0	0		CLEAR
Calbonia	calbonia.com	tech_general	v5	AVAILABLE	11.08	11.08	no	0	0	0		CLEAR
Calbria	calbria.com	tech_short	v3									UNKNOWN
Calcore	calcore.com	tech_general	v4									UNKNOWN
Caldanti	caldanti.com	tech_modern	v3									UNKNOWN
Caldara	caldara.com	modern_startup	v6	TAKEN				0	0	0		TAKEN
Caldek	caldek.com	tech_general	v5									UNKNOWN
Caldenor	caldenor.com	pro_invented_short	v1									UNKNOWN
Calderon	calderon.com	tech_general	v5									UNKNOWN
Caldex	caldex.com	short_invented	v5,v6	TAKEN				2	0	2	Caldex Corp. (Active)	TAKEN
Caldix	caldix.com	short_invented	v6	TAKEN				0	0	0		TAKEN
Caldord	caldord.com	tech_general	v5	AVAILABLE	11.08	11.08	no	0	0	0		CLEAR
Caldova	caldova.com	tech_general	v5									UNKNOWN
Caldreth	caldreth.com	latin_long	v6	AVAILABLE	11.08	11.08	no	0	0	0		CLEAR
Caldroma	caldroma.com	tech_general	v4	AVAILABLE	11.08	11.08	no	0	0	0		CLEAR
Caldwell	caldwell.com	compound_modern	v1									UNKNOWN
Caldwellan	caldwellan.com	pro_invented_long	v1	AVAILABLE	11.08	11.08	no	0	0	0		CLEAR
Caldwin	caldwin.com	pro_invented_short	v1									UNKNOWN
Calenova	calenova.com	tech_general	v4									UNKNOWN
Calenta	calenta.com	enterprise_invented	v2									UNKNOWN
Calenza	calenza.com	pro_invented_short	v1									UNKNOWN
Caleska	caleska.com	tech_general	v5									UNKNOWN
Calexa	calexa.com	enterprise_invented	v2									UNKNOWN
Calgrid	calgrid.com	tech_general	v4									UNKNOWN
Calidex	calidex.com	tech_mid	v3									UNKNOWN
Calidor	calidor.com	tech_mid	v3									UNKNOWN
Calinova	calinova.com	tech_general	v4									UNKNOWN
Calivity	calivity.com	tech_general	v5	AVAILABLE	11.08	11.08	no	0	0	0		CLEAR
Callight	callight.com	tech_general	v4									UNKNOWN
Callum	callum.com	tech_mid	v3									UNKNOWN
Calmaron	calmaron.com	tech_general	v5	AVAILABLE	11.08	11.08	no	0	0	0		CLEAR
Calmex	calmex.com	short_invented	v5,v6	TAKEN				0	1	1	Calmex Framing Limited (Dissolved by the cor)	TAKEN
Calodex	calodex.com	tech_general	v4									UNKNOWN
Calometric	calometric.com	tech_general	v4									UNKNOWN
Calonex	calonex.com	tech_general	v4									UNKNOWN
Calorant	calorant.com	tech_general	v4	AVAILABLE	11.08	11.08	no	0	0	0		CLEAR
Caloria	caloria.com	tech_general	v5									UNKNOWN
Calostra	calostra.com	tech_general	v4	AVAILABLE	11.08	11.08	no	0	0	0		CLEAR
Calovaris	calovaris.com	tech_general	v5	AVAILABLE	11.08	11.08	no	0	0	0		CLEAR
Calovera	calovera.com	tech_general	v4									UNKNOWN
Calpath	calpath.com	tech_general	v5									UNKNOWN
Calpeak	calpeak.com	tech_general	v4									UNKNOWN
Calplex	calplex.com	compound_modern	v1									UNKNOWN
Calprime	calprime.com	tech_general	v4									UNKNOWN
Calraxis	calraxis.com	tech_latin_abstract	v3									UNKNOWN
Calridge	calridge.com	tech_general	v5									UNKNOWN
Calriver	calriver.com	tech_general	v4									UNKNOWN
Calsummit	calsummit.com	tech_general	v4									UNKNOWN
Caltheon	caltheon.com	enterprise_invented	v2									UNKNOWN
Caltheria	caltheria.com	tech_general	v4	AVAILABLE	11.08	11.08	no	0	0	0		CLEAR
Caltor	caltor.com	tech_general	v5									UNKNOWN
Caltris	caltris.com	pro_invented_short	v1									UNKNOWN
Calvant	calvant.com	compound_modern	v1									UNKNOWN
Calvedos	calvedos.com	enterprise_invented	v2	AVAILABLE	11.08	11.08	no	0	0	0		CLEAR
Calvendris	calvendris.com	latin_long	v6	AVAILABLE	11.08	11.08	no	0	0	0		CLEAR
Calver	calver.com	enterprise_invented	v2									UNKNOWN
Calveria	calveria.com	pro_invented_long	v1									UNKNOWN
Calverian	calverian.com	pro_invented_long	v1									UNKNOWN
Calveriant	calveriant.com	tech_general	v4	AVAILABLE	11.08	11.08	no	0	0	0		CLEAR
Calveric	calveric.com	enterprise_invented	v2									UNKNOWN
Calveris	calveris.com	enterprise_invented	v2									UNKNOWN
Calveritas	calveritas.com	tech_latin_abstract	v3									UNKNOWN
Calverith	calverith.com	tech_general	v4									UNKNOWN
Calveth	calveth.com	pro_invented_short	v1									UNKNOWN
Calvex	calvex.com	compound_modern	v1									UNKNOWN
Calvik	calvik.com	tech_general	v5									UNKNOWN
Calvora	calvora.com	enterprise_invented	v2									UNKNOWN
Calvox	calvox.com	tech_short	v3									UNKNOWN
Calwave	calwave.com	tech_general	v4									UNKNOWN
Calwex	calwex.com	short_invented	v6	TAKEN				0	0	0		TAKEN
Calwright	calwright.com	tech_general	v5									UNKNOWN
Caradel	caradel.com	tech_mid	v3									UNKNOWN
Carendrik	carendrik.com	tech_general	v5	AVAILABLE	11.08	11.08	no	0	0	0		CLEAR
Cedarforge	cedarforge.com	two_word	v6	TAKEN				0	0	0		TAKEN
Cedarline	cedarline.com	two_word_pro	v1									UNKNOWN
Cedarpath	cedarpath.com	two_word_pro	v1									UNKNOWN
Cendor	cendor.com	enterprise_invented	v2									UNKNOWN
Cendora	cendora.com	modern_startup	v6	TAKEN				0	0	0		TAKEN
Cendore	cendore.com	tech_mid	v3									UNKNOWN
Cendoria	cendoria.com	tech_general	v4									UNKNOWN
Centurioncore	centurioncore.com	greek_roman_chad	v2									UNKNOWN
Centurionforge	centurionforge.com	greek_roman_chad	v2									UNKNOWN
Centurionworks	centurionworks.com	greek_roman_chad	v2									UNKNOWN
ClarksonForge	clarksonforge.com	geographic	v1	AVAILABLE	11.08	11.08	no	0	0	0		CLEAR
ClarksonLabs	clarksonlabs.com	geographic	v1									UNKNOWN
Cleargate	cleargate.com	two_word_pro	v1									UNKNOWN
Cleargrove	cleargrove.com	two_word	v6	TAKEN				0	0	0		TAKEN
Cleartide	cleartide.com	two_word	v6	TAKEN				0	0	0		TAKEN
Clearwright	clearwright.com	two_word_pro	v1	AVAILABLE	11.08	11.08	no	0	0	0		CLEAR
Cobalta	cobalta.com	enterprise_invented	v2									UNKNOWN
Cogitan	cogitan.com	enterprise_invented	v2									UNKNOWN
Cogitos	cogitos.com	tech_latin_abstract	v3									UNKNOWN
CooksvilleLabs	cooksvillelabs.com	geographic	v1	AVAILABLE	11.08	11.08	no	0	0	0		CLEAR
CooksvilleWorks	cooksvilleworks.com	geographic	v1	AVAILABLE	11.08	11.08	no	0	0	0		CLEAR
Coppergrove	coppergrove.com	two_word	v6	TAKEN				0	0	0		TAKEN
Coraxis	coraxis.com	tech_latin_abstract	v3									UNKNOWN
Cordial	cordial.com	enterprise_invented	v2									UNKNOWN
CreditRiverDigital	creditriverdigital.com	geographic	v1	AVAILABLE	11.08	11.08	no	0	0	0		CLEAR
CreditRiverLabs	creditriverlabs.com	geographic	v1	AVAILABLE	11.08	11.08	no	0	0	0		CLEAR
CreditRiverWorks	creditriverworks.com	geographic	v1	AVAILABLE	11.08	11.08	no	0	0	0		CLEAR
CreditValley34	creditvalley34.com	geographic	v1	AVAILABLE	11.08	11.08	no	0	0	0		CLEAR
CreditValleyDigital	creditvalleydigital.com	geographic	v1	AVAILABLE	11.08	11.08	no	0	0	0		CLEAR
CreditValleyGroup	creditvalleygroup.com	geographic	v1	AVAILABLE	11.08	11.08	no	0	0	0		CLEAR
CreditValleyLabs	creditvalleylabs.com	geographic	v1	AVAILABLE	11.08	11.08	no	0	0	0		CLEAR
CreditValleyWorks	creditvalleyworks.com	geographic	v1	AVAILABLE	11.08	11.08	no	0	0	0		CLEAR
Crelvant	crelvant.com	tech_general	v4									UNKNOWN
Crelvanth	crelvanth.com	tech_general	v5	AVAILABLE	11.08	11.08	no	0	0	0		CLEAR
Crelvarith	crelvarith.com	tech_general	v5	AVAILABLE	11.08	11.08	no	0	0	0		CLEAR
Crento	crento.com	tech_general	v5									UNKNOWN
Crovedell	crovedell.com	tech_general	v5	AVAILABLE	11.08	11.08	no	0	0	0		CLEAR
Daravost	daravost.com	tech_general	v5	AVAILABLE	11.08	11.08	no	0	0	0		CLEAR
Datrix	datrix.com	tech_mid	v3									UNKNOWN
Domvora	domvora.com	tech_general	v5									UNKNOWN
Dornalba	dornalba.com	tech_general	v4	AVAILABLE	11.08	11.08	no	0	0	0		CLEAR
Dornavik	dornavik.com	latin_long	v6	AVAILABLE	11.08	11.08	no	0	0	0		CLEAR
Dornova	dornova.com	tech_general	v4									UNKNOWN
Drelmara	drelmara.com	tech_general	v4	AVAILABLE	11.08	11.08	no	0	0	0		CLEAR
Dremara	dremara.com	tech_general	v4									UNKNOWN
Dremto	dremto.com	tech_general	v5	AVAILABLE	11.08	11.08	no	0	0	0		CLEAR
Drevandel	drevandel.com	tech_general	v5	AVAILABLE	11.08	11.08	no	0	0	0		CLEAR
Drevarist	drevarist.com	tech_general	v5	AVAILABLE	11.08	11.08	no	0	0	0		CLEAR
Drevelta	drevelta.com	tech_general	v5	AVAILABLE	11.08	11.08	no	0	0	0		CLEAR
Drovendel	drovendel.com	tech_general	v5	AVAILABLE	11.08	11.08	no	0	0	0		CLEAR
Eastpath	eastpath.com	two_word	v6	TAKEN				0	0	0		TAKEN
Edwarra	edwarra.com	tech_general	v4	AVAILABLE	11.08	11.08	no	0	0	0		CLEAR
Elmpath	elmpath.com	two_word_pro	v1	AVAILABLE	11.08	11.08	no	0	0	0		CLEAR
Endorath	endorath.com	latin_long	v6	AVAILABLE	11.08	11.08	no	0	0	0		CLEAR
Endorica	endorica.com	tech_general	v5	AVAILABLE	11.08	11.08	no	0	0	0		CLEAR
Endrelith	endrelith.com	pro_invented_long	v1	AVAILABLE	11.08	11.08	no	0	0	0		CLEAR
Endurion	endurion.com	latin_long	v6	TAKEN				0	0	0		TAKEN
Endwell	endwell.com	pro_invented_short	v1									UNKNOWN
Erelta	erelta.com	tech_general	v5	AVAILABLE	11.08	11.08	no	0	0	0		CLEAR
Eronvel	eronvel.com	tech_general	v5	AVAILABLE	11.08	11.08	no	0	0	0		CLEAR
Eronvell	eronvell.com	tech_general	v5	AVAILABLE	11.08	11.08	no	0	0	0		CLEAR
Ervaron	ervaron.com	tech_general	v5	AVAILABLE	11.08	11.08	no	0	0	0		CLEAR
Felvaron	felvaron.com	tech_general	v5									UNKNOWN
Felvelta	felvelta.com	tech_general	v5	AVAILABLE	11.08	11.08	no	0	0	0		CLEAR
Fendaris	fendaris.com	latin_long	v6	AVAILABLE	11.08	11.08	no	0	0	0		CLEAR
Fendro	fendro.com	short_invented	v6	TAKEN				0	0	0		TAKEN
Ferenova	ferenova.com	tech_general	v5									UNKNOWN
Fernivex	fernivex.com	tech_general	v4	AVAILABLE	11.08	11.08	no	0	0	0		CLEAR
Fernoria	fernoria.com	tech_general	v4									UNKNOWN
Ferto	ferto.com	tech_general	v5									UNKNOWN
Florant	florant.com	tech_general	v4									UNKNOWN
Forenvar	forenvar.com	tech_general	v5	AVAILABLE	11.08	11.08	no	0	0	0		CLEAR
Frenta	frenta.com	enterprise_invented	v2									UNKNOWN
Frovendel	frovendel.com	tech_general	v5	AVAILABLE	11.08	11.08	no	0	0	0		CLEAR
Garondra	garondra.com	tech_general	v4	AVAILABLE	11.08	11.08	no	0	0	0		CLEAR
Gavandrik	gavandrik.com	tech_general	v5	AVAILABLE	11.08	11.08	no	0	0	0		CLEAR
Gelvelta	gelvelta.com	tech_general	v5	AVAILABLE	11.08	11.08	no	0	0	0		CLEAR
Gerto	gerto.com	tech_general	v5									UNKNOWN
Glasten	glasten.com	enterprise_invented	v2									UNKNOWN
Glex	glex.com	tech_short	v3									UNKNOWN
Glexa	glexa.com	enterprise_invented	v2									UNKNOWN
Glexandra	glexandra.com	tech_general	v4	AVAILABLE	11.08	11.08	no	0	0	0		CLEAR
Glexar	glexar.com	tech_general	v4									UNKNOWN
Gorvanth	gorvanth.com	latin_long	v6	AVAILABLE	11.08	11.08	no	0	0	0		CLEAR
Granitebay	granitebay.com	two_word	v6	TAKEN				0	0	0		TAKEN
Granitewright	granitewright.com	two_word_pro	v1	AVAILABLE	11.08	11.08	no	0	0	0		CLEAR
Gravaron	gravaron.com	tech_general	v5	AVAILABLE	11.08	11.08	no	0	0	0		CLEAR
Grendalor	grendalor.com	tech_general	v5	AVAILABLE	11.08	11.08	no	0	0	0		CLEAR
Grovendel	grovendel.com	tech_general	v5	AVAILABLE	11.08	11.08	no	0	0	0		CLEAR
Heliosforge	heliosforge.com	greek_roman_chad	v2									UNKNOWN
Heliosworks	heliosworks.com	greek_roman_chad	v2									UNKNOWN
Helixar	helixar.com	tech_latin_abstract	v3									UNKNOWN
Helixor	helixor.com	tech_mid	v3									UNKNOWN
Helvanora	helvanora.com	tech_general	v5	AVAILABLE	11.08	11.08	no	0	0	0		CLEAR
Helvarin	helvarin.com	latin_long	v6	TAKEN				0	0	0		TAKEN
Helvelta	helvelta.com	tech_general	v5	AVAILABLE	11.08	11.08	no	0	0	0		CLEAR
Hento	hento.com	tech_general	v5									UNKNOWN
Heraclesforge	heraclesforge.com	greek_roman_chad	v2									UNKNOWN
Holdfield	holdfield.com	two_word_pro	v1	AVAILABLE	11.08	11.08	no	0	0	0		CLEAR
Holdwell	holdwell.com	two_word_pro	v1									UNKNOWN
Holdwright	holdwright.com	two_word_pro	v1	AVAILABLE	11.08	11.08	no	0	0	0		CLEAR
Holvant	holvant.com	tech_general	v4	AVAILABLE	11.08	11.08	no	0	0	0		CLEAR
Holvarith	holvarith.com	tech_general	v5	AVAILABLE	11.08	11.08	no	0	0	0		CLEAR
Holvor	holvor.com	tech_general	v5	AVAILABLE	11.08	11.08	no	0	0	0		CLEAR
Hrovendell	hrovendell.com	tech_general	v5	AVAILABLE	11.08	11.08	no	0	0	0		CLEAR
Hyperia	hyperia.com	tech_latin_abstract	v3									UNKNOWN
Hyperionforge	hyperionforge.com	greek_roman_chad	v2									UNKNOWN
Hyperionworks	hyperionworks.com	greek_roman_chad	v2									UNKNOWN
Indralor	indralor.com	latin_long	v6	AVAILABLE	11.08	11.08	no	0	0	0		CLEAR
Indrar	indrar.com	tech_general	v5									UNKNOWN
Indrelta	indrelta.com	tech_general	v5	AVAILABLE	11.08	11.08	no	0	0	0		CLEAR
Ironbench	ironbench.com	two_word_pro	v1									UNKNOWN
Ironbrook	ironbrook.com	two_word	v6	TAKEN				0	1	1	IRONBROOK INC. (Dissolved for non-co)	TAKEN
Irovendel	irovendel.com	tech_general	v5	AVAILABLE	11.08	11.08	no	0	0	0		CLEAR
Ivelta	ivelta.com	tech_general	v5									UNKNOWN
Iverando	iverando.com	tech_general	v5	AVAILABLE	11.08	11.08	no	0	0	0		CLEAR
Ivermel	ivermel.com	tech_general	v4	AVAILABLE	11.08	11.08	no	0	0	0		CLEAR
Iverto	iverto.com	tech_general	v5									UNKNOWN
Jelvelta	jelvelta.com	tech_general	v5	AVAILABLE	11.08	11.08	no	0	0	0		CLEAR
Jorto	jorto.com	tech_general	v5									UNKNOWN
Jorvant	jorvant.com	tech_general	v4	AVAILABLE	11.08	11.08	no	0	0	0		CLEAR
Jorvenor	jorvenor.com	tech_general	v5	AVAILABLE	11.08	11.08	no	0	0	0		CLEAR
Jovaron	jovaron.com	tech_general	v5	AVAILABLE	11.08	11.08	no	0	0	0		CLEAR
Jovendar	jovendar.com	latin_long	v6	AVAILABLE	11.08	11.08	no	0	0	0		CLEAR
Jovenrik	jovenrik.com	tech_general	v5	AVAILABLE	11.08	11.08	no	0	0	0		CLEAR
Jrovendel	jrovendel.com	tech_general	v5	AVAILABLE	11.08	11.08	no	0	0	0		CLEAR
Kalvor	kalvor.com	tech_general	v5									UNKNOWN
Kalvora	kalvora.com	tech_short	v3									UNKNOWN
Kalvto	kalvto.com	tech_general	v5	AVAILABLE	11.08	11.08	no	0	0	0		CLEAR
Karandel	karandel.com	enterprise_invented	v2	AVAILABLE	11.08	11.08	no	0	0	0		CLEAR
Karavant	karavant.com	compound_modern	v1	AVAILABLE	11.08	11.08	no	0	0	0		CLEAR
Karelvaris	karelvaris.com	tech_general	v5	AVAILABLE	11.08	11.08	no	0	0	0		CLEAR
Karenvor	karenvor.com	tech_general	v5	AVAILABLE	11.08	11.08	no	0	0	0		CLEAR
Karpath	karpath.com	modern_abstract	v1									UNKNOWN
Karplex	karplex.com	compound_modern	v1									UNKNOWN
Karraxis	karraxis.com	tech_latin_abstract	v3									UNKNOWN
Karvanence	karvanence.com	tech_general	v5	AVAILABLE	11.08	11.08	no	0	0	0		CLEAR
Karvanta	karvanta.com	enterprise_invented	v2									UNKNOWN
Karvantheria	karvantheria.com	tech_general	v4	AVAILABLE	11.08	11.08	no	0	0	0		CLEAR
Karvarica	karvarica.com	tech_general	v4	AVAILABLE	11.08	11.08	no	0	0	0		CLEAR
Karvaris	karvaris.com	tech_general	v5	AVAILABLE	11.08	11.08	no	0	0	0		CLEAR
Karvaros	karvaros.com	tech_general	v4	AVAILABLE	11.08	11.08	no	0	0	0		CLEAR
Karvatial	karvatial.com	tech_general	v5	AVAILABLE	11.08	11.08	no	0	0	0		CLEAR
Karvatic	karvatic.com	tech_general	v4	AVAILABLE	11.08	11.08	no	0	0	0		CLEAR
Karvatide	karvatide.com	tech_general	v4	AVAILABLE	11.08	11.08	no	0	0	0		CLEAR
Karvatier	karvatier.com	tech_general	v5	AVAILABLE	11.08	11.08	no	0	0	0		CLEAR
Karvavos	karvavos.com	tech_general	v4	AVAILABLE	11.08	11.08	no	0	0	0		CLEAR
Karvbaxis	karvbaxis.com	tech_general	v5	AVAILABLE	11.08	11.08	no	0	0	0		CLEAR
Karvbonia	karvbonia.com	tech_general	v5	AVAILABLE	11.08	11.08	no	0	0	0		CLEAR
Karvdek	karvdek.com	tech_general	v5	AVAILABLE	11.08	11.08	no	0	0	0		CLEAR
Karvdord	karvdord.com	tech_general	v5	AVAILABLE	11.08	11.08	no	0	0	0		CLEAR
Karvdova	karvdova.com	tech_general	v5	AVAILABLE	11.08	11.08	no	0	0	0		CLEAR
Karvdroma	karvdroma.com	tech_general	v4	AVAILABLE	11.08	11.08	no	0	0	0		CLEAR
Karvedos	karvedos.com	enterprise_invented	v2	AVAILABLE	11.08	11.08	no	0	0	0		CLEAR
Karvelron	karvelron.com	tech_general	v5	AVAILABLE	11.08	11.08	no	0	0	0		CLEAR
Karven	karven.com	pro_invented_short	v1									UNKNOWN
Karvendel	karvendel.com	pro_invented_long	v1	AVAILABLE	11.08	11.08	no	0	0	0		CLEAR
Karveriant	karveriant.com	tech_general	v4	AVAILABLE	11.08	11.08	no	0	0	0		CLEAR
Karveris	karveris.com	enterprise_invented	v2	AVAILABLE	11.08	11.08	no	0	0	0		CLEAR
Karveritas	karveritas.com	tech_latin_abstract	v3									UNKNOWN
Karverith	karverith.com	tech_general	v4	AVAILABLE	11.08	11.08	no	0	0	0		CLEAR
Karveska	karveska.com	tech_general	v5	AVAILABLE	11.08	11.08	no	0	0	0		CLEAR
Karvex	karvex.com	tech_general	v5									UNKNOWN
Karvik	karvik.com	tech_general	v5									UNKNOWN
Karvitheon	karvitheon.com	tech_general	v4	AVAILABLE	11.08	11.08	no	0	0	0		CLEAR
Karvivity	karvivity.com	tech_general	v5	AVAILABLE	11.08	11.08	no	0	0	0		CLEAR
Karvmex	karvmex.com	tech_general	v5	AVAILABLE	11.08	11.08	no	0	0	0		CLEAR
Karvodex	karvodex.com	tech_general	v4	AVAILABLE	11.08	11.08	no	0	0	0		CLEAR
Karvometric	karvometric.com	tech_general	v4	AVAILABLE	11.08	11.08	no	0	0	0		CLEAR
Karvonex	karvonex.com	tech_general	v4	AVAILABLE	11.08	11.08	no	0	0	0		CLEAR
Karvorant	karvorant.com	tech_general	v4	AVAILABLE	11.08	11.08	no	0	0	0		CLEAR
Karvoria	karvoria.com	tech_general	v5	AVAILABLE	11.08	11.08	no	0	0	0		CLEAR
Karvostra	karvostra.com	tech_general	v4	AVAILABLE	11.08	11.08	no	0	0	0		CLEAR
Karvtor	karvtor.com	tech_general	v5	AVAILABLE	11.08	11.08	no	0	0	0		CLEAR
Karvwave	karvwave.com	tech_general	v4	AVAILABLE	11.08	11.08	no	0	0	0		CLEAR
Kelven	kelven.com	modern_abstract	v1									UNKNOWN
Korvelis	korvelis.com	latin_long	v6	AVAILABLE	11.08	11.08	no	0	0	0		CLEAR
Korven	korven.com	modern_abstract	v1									UNKNOWN
Kraviant	kraviant.com	tech_general	v4	AVAILABLE	11.08	11.08	no	0	0	0		CLEAR
Krelantha	krelantha.com	tech_general	v5	AVAILABLE	11.08	11.08	no	0	0	0		CLEAR
Krenant	krenant.com	tech_modern	v3									UNKNOWN
Krenare	krenare.com	tech_modern	v3									UNKNOWN
Krendanti	krendanti.com	tech_modern	v3									UNKNOWN
Krendar	krendar.com	tech_general	v4	AVAILABLE	11.08	11.08	no	0	0	0		CLEAR
Krenora	krenora.com	tech_short	v3									UNKNOWN
Krenta	krenta.com	enterprise_invented	v2									UNKNOWN
Krentelis	krentelis.com	tech_general	v4	AVAILABLE	11.08	11.08	no	0	0	0		CLEAR
Krevelta	krevelta.com	tech_general	v5	AVAILABLE	11.08	11.08	no	0	0	0		CLEAR
Krovendel	krovendel.com	tech_general	v5	AVAILABLE	11.08	11.08	no	0	0	0		CLEAR
LakeshoreCraft	lakeshorecraft.com	geographic	v1	AVAILABLE	11.08	11.08	no	0	0	0		CLEAR
LakeshoreLabs	lakeshorelabs.com	geographic	v1									UNKNOWN
LakeshoreWorks	lakeshoreworks.com	geographic	v1									UNKNOWN
Lavendrik	lavendrik.com	tech_general	v5									UNKNOWN
Lavron	lavron.com	tech_general	v5									UNKNOWN
Lendara	lendara.com	modern_startup	v6	TAKEN				0	0	0		TAKEN
Lendix	lendix.com	short_invented	v6	TAKEN				1	0	1	Lendix Inc. (Active)	TAKEN
Lendrith	lendrith.com	latin_long	v6	AVAILABLE	11.08	11.08	no	0	0	0		CLEAR
Lentivex	lentivex.com	compound_modern	v1	AVAILABLE	11.08	11.08	no	0	0	0		CLEAR
Lentro	lentro.com	short_invented	v6	TAKEN				0	0	0		TAKEN
Lenvora	lenvora.com	modern_startup	v6	TAKEN				0	0	0		TAKEN
Lerovant	lerovant.com	tech_general	v4	AVAILABLE	11.08	11.08	no	0	0	0		CLEAR
Lervadom	lervadom.com	tech_general	v5	AVAILABLE	11.08	11.08	no	0	0	0		CLEAR
Linenfield	linenfield.com	two_word_pro	v1									UNKNOWN
Lionclad	lionclad.com	moggy_sigma	v2									UNKNOWN
Lionforge	lionforge.com	moggy_sigma	v2									UNKNOWN
Lionsavage	lionsavage.com	moggy_sigma	v2	AVAILABLE	11.08	11.08	no	0	0	0		CLEAR
Lionvault	lionvault.com	moggy_sigma	v2									UNKNOWN
LorneParkLabs	lorneparklabs.com	geographic	v1	AVAILABLE	11.08	11.08	no	0	0	0		CLEAR
LorneParkWorks	lorneparkworks.com	geographic	v1	AVAILABLE	11.08	11.08	no	0	0	0		CLEAR
Lrovendel	lrovendel.com	tech_general	v5	AVAILABLE	11.08	11.08	no	0	0	0		CLEAR
Lumadron	lumadron.com	tech_general	v5									UNKNOWN
Lumandel	lumandel.com	enterprise_invented	v2	AVAILABLE	11.08	11.08	no	0	0	0		CLEAR
Lumanence	lumanence.com	tech_general	v5	AVAILABLE	11.08	11.08	no	0	0	0		CLEAR
Lumanta	lumanta.com	enterprise_invented	v2									UNKNOWN
Lumantheria	lumantheria.com	tech_general	v4	AVAILABLE	11.08	11.08	no	0	0	0		CLEAR
Lumarica	lumarica.com	tech_general	v4									UNKNOWN
Lumaris	lumaris.com	tech_general	v5									UNKNOWN
Lumarista	lumarista.com	tech_general	v4	AVAILABLE	11.08	11.08	no	0	0	0		CLEAR
Lumaros	lumaros.com	tech_general	v4									UNKNOWN
Lumarric	lumarric.com	pro_invented_short	v1	AVAILABLE	11.08	11.08	no	0	0	0		CLEAR
Lumarrick	lumarrick.com	pro_invented_long	v1	AVAILABLE	11.08	11.08	no	0	0	0		CLEAR
Lumatial	lumatial.com	tech_general	v5	AVAILABLE	11.08	11.08	no	0	0	0		CLEAR
Lumatic	lumatic.com	tech_general	v4									UNKNOWN
Lumatide	lumatide.com	tech_general	v4									UNKNOWN
Lumatier	lumatier.com	tech_general	v5	AVAILABLE	11.08	11.08	no	0	0	0		CLEAR
Lumavos	lumavos.com	tech_general	v4	AVAILABLE	11.08	11.08	no	0	0	0		CLEAR
Lumbaxis	lumbaxis.com	tech_general	v5	AVAILABLE	11.08	11.08	no	0	0	0		CLEAR
Lumbonia	lumbonia.com	tech_general	v5	AVAILABLE	11.08	11.08	no	0	0	0		CLEAR
Lumdek	lumdek.com	tech_general	v5	AVAILABLE	11.08	11.08	no	0	0	0		CLEAR
Lumdord	lumdord.com	tech_general	v5	AVAILABLE	11.08	11.08	no	0	0	0		CLEAR
Lumdova	lumdova.com	tech_general	v5	AVAILABLE	11.08	11.08	no	0	0	0		CLEAR
Lumdroma	lumdroma.com	tech_general	v4	AVAILABLE	11.08	11.08	no	0	0	0		CLEAR
Lumendel	lumendel.com	pro_invented_short	v1									UNKNOWN
Lumera	lumera.com	enterprise_invented	v2									UNKNOWN
Lumeris	lumeris.com	enterprise_invented	v2									UNKNOWN
Lumeska	lumeska.com	tech_general	v5	AVAILABLE	11.08	11.08	no	0	0	0		CLEAR
Lumitas	lumitas.com	tech_latin_abstract	v3									UNKNOWN
Lumivity	lumivity.com	tech_general	v5									UNKNOWN
Lummex	lummex.com	tech_general	v5									UNKNOWN
Lumodex	lumodex.com	tech_general	v4									UNKNOWN
Lumometric	lumometric.com	tech_general	v4									UNKNOWN
Lumonex	lumonex.com	tech_general	v4									UNKNOWN
Lumorant	lumorant.com	tech_general	v4	AVAILABLE	11.08	11.08	no	0	0	0		CLEAR
Lumoria	lumoria.com	tech_general	v5									UNKNOWN
Lumovaris	lumovaris.com	tech_general	v5	AVAILABLE	11.08	11.08	no	0	0	0		CLEAR
Lumraxis	lumraxis.com	tech_latin_abstract	v3									UNKNOWN
Lumtor	lumtor.com	tech_general	v5									UNKNOWN
Lumveriant	lumveriant.com	tech_general	v4	AVAILABLE	11.08	11.08	no	0	0	0		CLEAR
Lumveritas	lumveritas.com	tech_latin_abstract	v3									UNKNOWN
Lumverith	lumverith.com	tech_general	v4									UNKNOWN
Lumvex	lumvex.com	tech_general	v5									UNKNOWN
Lumvik	lumvik.com	tech_general	v5									UNKNOWN
Lumvo	lumvo.com	tech_short	v3									UNKNOWN
Lumwave	lumwave.com	tech_general	v4									UNKNOWN
Lupath	lupath.com	modern_abstract	v1									UNKNOWN
Lurent	lurent.com	modern_abstract	v1									UNKNOWN
Lurmento	lurmento.com	tech_general	v5	AVAILABLE	11.08	11.08	no	0	0	0		CLEAR
M34Bridge	m34bridge.com	personal_brand	v1	AVAILABLE	11.08	11.08	no	0	0	0		CLEAR
M34Built	m34built.com	personal_brand	v1	AVAILABLE	11.08	11.08	no	0	0	0		CLEAR
M34Digital	m34digital.com	personal_brand	v1	AVAILABLE	11.08	11.08	no	0	0	0		CLEAR
M34Forge	m34forge.com	personal_brand	v1	AVAILABLE	11.08	11.08	no	0	0	0		CLEAR
M34Group	m34group.com	personal_brand	v1									UNKNOWN
M34Holdings	m34holdings.com	personal_brand	v1	AVAILABLE	11.08	11.08	no	0	0	0		CLEAR
M34Labs	m34labs.com	personal_brand	v1	AVAILABLE	11.08	11.08	no	0	0	0		CLEAR
M34Studio	m34studio.com	personal_brand	v1	AVAILABLE	11.08	11.08	no	0	0	0		CLEAR
M34Works	m34works.com	personal_brand	v1	AVAILABLE	11.08	11.08	no	0	0	0		CLEAR
Magnusforge	magnusforge.com	greek_roman_chad	v2									UNKNOWN
Magnusridge	magnusridge.com	greek_roman_chad	v2									UNKNOWN
Magnusvault	magnusvault.com	greek_roman_chad	v2									UNKNOWN
Magnusworks	magnusworks.com	greek_roman_chad	v2									UNKNOWN
Maplewright	maplewright.com	two_word_pro	v1									UNKNOWN
Marador	marador.com	tech_mid	v3									UNKNOWN
Marandel	marandel.com	enterprise_invented	v2									UNKNOWN
Marandor	marandor.com	tech_mid	v3									UNKNOWN
Maranence	maranence.com	tech_general	v5	AVAILABLE	11.08	11.08	no	0	0	0		CLEAR
Marant	marant.com	tech_modern	v3									UNKNOWN
Marantha	marantha.com	enterprise_invented	v2									UNKNOWN
Marantheria	marantheria.com	tech_general	v4	AVAILABLE	11.08	11.08	no	0	0	0		CLEAR
Marare	marare.com	tech_modern	v3									UNKNOWN
Maratial	maratial.com	tech_general	v5	AVAILABLE	11.08	11.08	no	0	0	0		CLEAR
Maratic	maratic.com	tech_general	v4									UNKNOWN
Maratide	maratide.com	tech_general	v4									UNKNOWN
Maratier	maratier.com	tech_general	v5									UNKNOWN
Marbase	marbase.com	tech_modern	v3									UNKNOWN
Marbaxis	marbaxis.com	tech_general	v5	AVAILABLE	11.08	11.08	no	0	0	0		CLEAR
Marbonia	marbonia.com	tech_general	v5	AVAILABLE	11.08	11.08	no	0	0	0		CLEAR
Marcore	marcore.com	tech_general	v4									UNKNOWN
Mardanti	mardanti.com	tech_modern	v3									UNKNOWN
Mardek	mardek.com	tech_general	v5									UNKNOWN
Marderon	marderon.com	tech_general	v5	AVAILABLE	11.08	11.08	no	0	0	0		CLEAR
Mardord	mardord.com	tech_general	v5	AVAILABLE	11.08	11.08	no	0	0	0		CLEAR
Mardova	mardova.com	tech_general	v5									UNKNOWN
Mardroma	mardroma.com	tech_general	v4	AVAILABLE	11.08	11.08	no	0	0	0		CLEAR
Maredo	maredo.com	short_invented	v6	TAKEN				0	0	0		TAKEN
Maredonia	maredonia.com	tech_general	v4	AVAILABLE	11.08	11.08	no	0	0	0		CLEAR
Maredor	maredor.com	tech_general	v5									UNKNOWN
Marendel	marendel.com	pro_invented_short	v1	AVAILABLE	11.08	11.08	no	0	0	0		CLEAR
Marendoth	marendoth.com	tech_general	v4	AVAILABLE	11.08	11.08	no	0	0	0		CLEAR
Marendra	marendra.com	tech_general	v4									UNKNOWN
Mareska	mareska.com	tech_general	v5									UNKNOWN
Maresta	maresta.com	tech_general	v5									UNKNOWN
Margrid	margrid.com	tech_general	v4									UNKNOWN
Maridelle	maridelle.com	pro_invented_long	v1	AVAILABLE	11.08	11.08	no	0	0	0		CLEAR
Marideth	marideth.com	pro_invented_long	v1		None	None	None	0	0	0		UNKNOWN
Maridicta	maridicta.com	enterprise_invented	v2	AVAILABLE	11.08	11.08	no	0	0	0		CLEAR
Marila	marila.com	tech_mid	v3									UNKNOWN
Marinova	marinova.com	tech_general	v4									UNKNOWN
Marioca	marioca.com	tech_general	v4									UNKNOWN
Mariros	mariros.com	tech_general	v4									UNKNOWN
Maris	maris.com	tech_general	v5									UNKNOWN
Maritheon	maritheon.com	tech_general	v4									UNKNOWN
Marivell	marivell.com	tech_mid	v3									UNKNOWN
Mariverth	mariverth.com	tech_general	v5	AVAILABLE	11.08	11.08	no	0	0	0		CLEAR
Marivity	marivity.com	tech_general	v5	AVAILABLE	11.08	11.08	no	0	0	0		CLEAR
Marivok	marivok.com	tech_general	v4	AVAILABLE	11.08	11.08	no	0	0	0		CLEAR
Marivos	marivos.com	tech_general	v4									UNKNOWN
Marivox	marivox.com	modern_startup	v6	TAKEN				0	0	0		TAKEN
Marlight	marlight.com	tech_general	v4									UNKNOWN
Marmex	marmex.com	tech_general	v5									UNKNOWN
Marnex	marnex.com	short_invented	v6	TAKEN				0	0	0		TAKEN
Marodex	marodex.com	tech_general	v4									UNKNOWN
Marometric	marometric.com	tech_general	v4	AVAILABLE	11.08	11.08	no	0	0	0		CLEAR
Maronex	maronex.com	tech_general	v4									UNKNOWN
Marorant	marorant.com	tech_general	v4	AVAILABLE	11.08	11.08	no	0	0	0		CLEAR
Maroria	maroria.com	tech_general	v5									UNKNOWN
Marostra	marostra.com	tech_general	v4	AVAILABLE	11.08	11.08	no	0	0	0		CLEAR
Marovaris	marovaris.com	tech_general	v5	AVAILABLE	11.08	11.08	no	0	0	0		CLEAR
Marpath	marpath.com	tech_general	v5									UNKNOWN
Marpeak	marpeak.com	tech_general	v4									UNKNOWN
Marplex	marplex.com	compound_modern	v1									UNKNOWN
Marprime	marprime.com	tech_general	v4									UNKNOWN
Marquit	marquit.com	pro_invented_short	v1									UNKNOWN
Marraxis	marraxis.com	tech_latin_abstract	v3									UNKNOWN
Marridge	marridge.com	tech_general	v5									UNKNOWN
Marriver	marriver.com	tech_general	v4									UNKNOWN
Marsforge	marsforge.com	greek_roman_chad	v2									UNKNOWN
Marsridge	marsridge.com	greek_roman_chad	v2									UNKNOWN
Marsummit	marsummit.com	tech_general	v4									UNKNOWN
Marsworks	marsworks.com	greek_roman_chad	v2									UNKNOWN
Martor	martor.com	tech_general	v5									UNKNOWN
Marvanta	marvanta.com	enterprise_invented	v2									UNKNOWN
Marvara	marvara.com	modern_startup	v6	TAKEN				0	0	0		TAKEN
Marvedos	marvedos.com	enterprise_invented	v2	AVAILABLE	11.08	11.08	no	0	0	0		CLEAR
Marvell	marvell.com	pro_invented_short	v1									UNKNOWN
Marvenza	marvenza.com	enterprise_invented	v2									UNKNOWN
Marveriant	marveriant.com	tech_general	v4	AVAILABLE	11.08	11.08	no	0	0	0		CLEAR
Marveric	marveric.com	enterprise_invented	v2									UNKNOWN
Marveris	marveris.com	enterprise_invented	v2									UNKNOWN
Marveritas	marveritas.com	tech_latin_abstract	v3									UNKNOWN
Marvex	marvex.com	compound_modern	v1									UNKNOWN
Marvik	marvik.com	tech_general	v5									UNKNOWN
Marvor	marvor.com	tech_general	v5									UNKNOWN
Marvora	marvora.com	tech_short	v3									UNKNOWN
Marvox	marvox.com	short_invented	v1,v6	TAKEN				0	0	0		TAKEN
Marwave	marwave.com	tech_general	v4									UNKNOWN
Marwright	marwright.com	tech_general	v5	AVAILABLE	11.08	11.08	no	0	0	0		CLEAR
Maximusforge	maximusforge.com	greek_roman_chad	v2									UNKNOWN
Maximusworks	maximusworks.com	greek_roman_chad	v2									UNKNOWN
MaxLabs34	maxlabs34.com	personal_brand	v1	AVAILABLE	11.08	11.08	no	0	0	0		CLEAR
Maxwell34	maxwell34.com	personal_brand	v1	AVAILABLE	11.08	11.08	no	0	0	0		CLEAR
MaxwellForge	maxwellforge.com	personal_brand	v1									UNKNOWN
MaxwellGroup	maxwellgroup.com	personal_brand	v1									UNKNOWN
MaxwellLabs	maxwelllabs.com	personal_brand	v1									UNKNOWN
MaxwellWorks	maxwellworks.com	personal_brand	v1									UNKNOWN
MaxworkLabs	maxworklabs.com	personal_brand	v1	AVAILABLE	11.08	11.08	no	0	0	0		CLEAR
Maxxedge	maxxedge.com	moggy_sigma	v2									UNKNOWN
Maxxsavage	maxxsavage.com	moggy_sigma	v2	AVAILABLE	11.08	11.08	no	0	0	0		CLEAR
Maxxsigma	maxxsigma.com	moggy_sigma	v2	AVAILABLE	11.08	11.08	no	0	0	0		CLEAR
Maxxstride	maxxstride.com	moggy_sigma	v2	AVAILABLE	11.08	11.08	no	0	0	0		CLEAR
Maxxvault	maxxvault.com	moggy_sigma	v2									UNKNOWN
McInnisBuilt	mcinnisbuilt.com	personal_brand	v1	AVAILABLE	11.08	11.08	no	0	0	0		CLEAR
McInnisCo	mcinnisco.com	personal_brand	v1									UNKNOWN
McInnisCraft	mcinniscraft.com	personal_brand	v1	AVAILABLE	11.08	11.08	no	0	0	0		CLEAR
McInnisDigital	mcinnisdigital.com	personal_brand	v1									UNKNOWN
McInnisGroup	mcinnisgroup.com	personal_brand	v1									UNKNOWN
McInnisHoldings	mcinnisholdings.com	personal_brand	v1									UNKNOWN
McInnisLabs	mcinnislabs.com	personal_brand	v1	AVAILABLE	11.08	11.08	no	0	0	0		CLEAR
McInnisPartners	mcinnispartners.com	personal_brand	v1	AVAILABLE	11.08	11.08	no	0	0	0		CLEAR
McInnisStudio	mcinnisstudio.com	personal_brand	v1									UNKNOWN
McInnisVentures	mcinnisventures.com	personal_brand	v1	AVAILABLE	11.08	11.08	no	0	0	0		CLEAR
McInnisWorks	mcinnisworks.com	personal_brand	v1	AVAILABLE	11.08	11.08	no	0	0	0		CLEAR
Mercuryforge	mercuryforge.com	greek_roman_chad	v2									UNKNOWN
Mercuryvault	mercuryvault.com	greek_roman_chad	v2									UNKNOWN
Mercuryworks	mercuryworks.com	greek_roman_chad	v2									UNKNOWN
Meredelin	meredelin.com	pro_invented_long	v1	AVAILABLE	11.08	11.08	no	0	0	0		CLEAR
Mernovic	mernovic.com	tech_general	v4	AVAILABLE	11.08	11.08	no	0	0	0		CLEAR
Mernovis	mernovis.com	tech_general	v4	AVAILABLE	11.08	11.08	no	0	0	0		CLEAR
Mireo	mireo.com	tech_short	v3									UNKNOWN
Mirivant	mirivant.com	compound_modern	v1	AVAILABLE	11.08	11.08	no	0	0	0		CLEAR
Mirvex	mirvex.com	modern_abstract	v1									UNKNOWN
Mississauga34	mississauga34.com	geographic	v1	AVAILABLE	11.08	11.08	no	0	0	0		CLEAR
Mississaugabay	mississaugabay.com	geographic	v1	AVAILABLE	11.08	11.08	no	0	0	0		CLEAR
MississaugaCraft	mississaugacraft.com	geographic	v1	AVAILABLE	11.08	11.08	no	0	0	0		CLEAR
MississaugaForge	mississaugaforge.com	geographic	v1	AVAILABLE	11.08	11.08	no	0	0	0		CLEAR
MississaugaLabs	mississaugalabs.com	geographic	v1	AVAILABLE	11.08	11.08	no	0	0	0		CLEAR
MississaugaWorks	mississaugaworks.com	geographic	v1	AVAILABLE	11.08	11.08	no	0	0	0		CLEAR
Mogclad	mogclad.com	moggy_sigma	v2	AVAILABLE	11.08	11.08	no	0	0	0		CLEAR
Mogedge	mogedge.com	moggy_sigma	v2	AVAILABLE	11.08	11.08	no	0	0	0		CLEAR
Mogfortress	mogfortress.com	moggy_sigma	v2	AVAILABLE	11.08	11.08	no	0	0	0		CLEAR
Mogiron	mogiron.com	moggy_sigma	v2	AVAILABLE	11.08	11.08	no	0	0	0		CLEAR
Mogsavage	mogsavage.com	moggy_sigma	v2	AVAILABLE	11.08	11.08	no	0	0	0		CLEAR
Mogstark	mogstark.com	moggy_sigma	v2	AVAILABLE	11.08	11.08	no	0	0	0		CLEAR
Mogsteel	mogsteel.com	moggy_sigma	v2	AVAILABLE	11.08	11.08	no	0	0	0		CLEAR
Mogstride	mogstride.com	moggy_sigma	v2	AVAILABLE	11.08	11.08	no	0	0	0		CLEAR
Mogthrust	mogthrust.com	moggy_sigma	v2	AVAILABLE	11.08	11.08	no	0	0	0		CLEAR
Mogvault	mogvault.com	moggy_sigma	v2	AVAILABLE	11.08	11.08	no	0	0	0		CLEAR
Morexa	morexa.com	enterprise_invented	v2									UNKNOWN
Morvenix	morvenix.com	latin_long	v6	TAKEN				0	0	0		TAKEN
Mrovendel	mrovendel.com	tech_general	v5	AVAILABLE	11.08	11.08	no	0	0	0		CLEAR
Nendrarik	nendrarik.com	tech_general	v5	AVAILABLE	11.08	11.08	no	0	0	0		CLEAR
Norandel	norandel.com	enterprise_invented	v2	AVAILABLE	11.08	11.08	no	0	0	0		CLEAR
Norandor	norandor.com	tech_mid	v3									UNKNOWN
Norant	norant.com	tech_modern	v3									UNKNOWN
Nordendros	nordendros.com	tech_general	v5	AVAILABLE	11.08	11.08	no	0	0	0		CLEAR
Norellis	norellis.com	modern_abstract	v1									UNKNOWN
Norelo	norelo.com	enterprise_invented	v2									UNKNOWN
Norindra	norindra.com	tech_general	v4	AVAILABLE	11.08	11.08	no	0	0	0		CLEAR
Norora	norora.com	tech_short	v3									UNKNOWN
Norplex	norplex.com	compound_modern	v1									UNKNOWN
Norraxis	norraxis.com	tech_latin_abstract	v3									UNKNOWN
Northbrook	northbrook.com	two_word	v6	TAKEN				1	0	1	Northbrook Consulting Services Inc. (Active)	TAKEN
Northfield	northfield.com	tech_general	v5									UNKNOWN
Northpoint	northpoint.com	two_word	v6	TAKEN				15	5	20	NORTHPOINT SOFTWARE CANADA INC. NORTHPOI (Dissolved for non-co)	TAKEN
Northport	northport.com	tech_general	v5									UNKNOWN
Northridge	northridge.com	tech_general	v5									UNKNOWN
Northstone	northstone.com	tech_general	v5									UNKNOWN
Northwell	northwell.com	tech_general	v5									UNKNOWN
Northwright	northwright.com	two_word_pro	v1									UNKNOWN
Norvanence	norvanence.com	tech_general	v5	AVAILABLE	11.08	11.08	no	0	0	0		CLEAR
Norvanis	norvanis.com	latin_long	v6	AVAILABLE	11.08	11.08	no	0	0	0		CLEAR
Norvanova	norvanova.com	tech_general	v4	AVAILABLE	11.08	11.08	no	0	0	0		CLEAR
Norvant	norvant.com	compound_modern	v1									UNKNOWN
Norvanta	norvanta.com	enterprise_invented	v2									UNKNOWN
Norvantheria	norvantheria.com	tech_general	v4	AVAILABLE	11.08	11.08	no	0	0	0		CLEAR
Norvara	norvara.com	modern_startup	v6	TAKEN				0	0	0		TAKEN
Norvare	norvare.com	tech_modern	v3									UNKNOWN
Norvarica	norvarica.com	tech_general	v4	AVAILABLE	11.08	11.08	no	0	0	0		CLEAR
Norvaris	norvaris.com	tech_general	v5									UNKNOWN
Norvaros	norvaros.com	tech_general	v4	AVAILABLE	11.08	11.08	no	0	0	0		CLEAR
Norvatial	norvatial.com	tech_general	v5	AVAILABLE	11.08	11.08	no	0	0	0		CLEAR
Norvatic	norvatic.com	tech_general	v4	AVAILABLE	11.08	11.08	no	0	0	0		CLEAR
Norvatide	norvatide.com	tech_general	v4	AVAILABLE	11.08	11.08	no	0	0	0		CLEAR
Norvatier	norvatier.com	tech_general	v5	AVAILABLE	11.08	11.08	no	0	0	0		CLEAR
Norvavera	norvavera.com	tech_general	v4	AVAILABLE	11.08	11.08	no	0	0	0		CLEAR
Norvavos	norvavos.com	tech_general	v4	AVAILABLE	11.08	11.08	no	0	0	0		CLEAR
Norvbaxis	norvbaxis.com	tech_general	v5	AVAILABLE	11.08	11.08	no	0	0	0		CLEAR
Norvbonia	norvbonia.com	tech_general	v5	AVAILABLE	11.08	11.08	no	0	0	0		CLEAR
Norvdanti	norvdanti.com	tech_modern	v3									UNKNOWN
Norvdek	norvdek.com	tech_general	v5	AVAILABLE	11.08	11.08	no	0	0	0		CLEAR
Norvdord	norvdord.com	tech_general	v5	AVAILABLE	11.08	11.08	no	0	0	0		CLEAR
Norvdova	norvdova.com	tech_general	v5	AVAILABLE	11.08	11.08	no	0	0	0		CLEAR
Norvdroma	norvdroma.com	tech_general	v4	AVAILABLE	11.08	11.08	no	0	0	0		CLEAR
Norvedos	norvedos.com	enterprise_invented	v2	AVAILABLE	11.08	11.08	no	0	0	0		CLEAR
Norvelron	norvelron.com	tech_general	v5	AVAILABLE	11.08	11.08	no	0	0	0		CLEAR
Norven	norven.com	modern_abstract	v1									UNKNOWN
Norveriant	norveriant.com	tech_general	v4	AVAILABLE	11.08	11.08	no	0	0	0		CLEAR
Norveris	norveris.com	enterprise_invented	v2	AVAILABLE	11.08	11.08	no	0	0	0		CLEAR
Norveritas	norveritas.com	tech_latin_abstract	v3									UNKNOWN
Norverith	norverith.com	tech_general	v4	AVAILABLE	11.08	11.08	no	0	0	0		CLEAR
Norveska	norveska.com	tech_general	v5									UNKNOWN
Norvesta	norvesta.com	tech_general	v5									UNKNOWN
Norvex	norvex.com	short_invented	v1,v6	TAKEN				2	0	2	Norvex Équipement inc. Norvex Equipment  (Active)	TAKEN
Norvic	norvic.com	enterprise_invented	v2									UNKNOWN
Norvik	norvik.com	tech_general	v5									UNKNOWN
Norvitheon	norvitheon.com	tech_general	v4	AVAILABLE	11.08	11.08	no	0	0	0		CLEAR
Norvivity	norvivity.com	tech_general	v5	AVAILABLE	11.08	11.08	no	0	0	0		CLEAR
Norvmex	norvmex.com	tech_general	v5	AVAILABLE	11.08	11.08	no	0	0	0		CLEAR
Norvo	norvo.com	tech_short	v3									UNKNOWN
Norvodex	norvodex.com	tech_general	v4	AVAILABLE	11.08	11.08	no	0	0	0		CLEAR
Norvometric	norvometric.com	tech_general	v4	AVAILABLE	11.08	11.08	no	0	0	0		CLEAR
Norvonex	norvonex.com	tech_general	v4	AVAILABLE	11.08	11.08	no	0	0	0		CLEAR
Norvor	norvor.com	tech_general	v5									UNKNOWN
Norvorant	norvorant.com	tech_general	v4	AVAILABLE	11.08	11.08	no	0	0	0		CLEAR
Norvoria	norvoria.com	tech_general	v5									UNKNOWN
Norvostra	norvostra.com	tech_general	v4	AVAILABLE	11.08	11.08	no	0	0	0		CLEAR
Norvovaris	norvovaris.com	tech_general	v5	AVAILABLE	11.08	11.08	no	0	0	0		CLEAR
Norvtor	norvtor.com	tech_general	v5	AVAILABLE	11.08	11.08	no	0	0	0		CLEAR
Norvwave	norvwave.com	tech_general	v4	AVAILABLE	11.08	11.08	no	0	0	0		CLEAR
Nrovendel	nrovendel.com	tech_general	v5	AVAILABLE	11.08	11.08	no	0	0	0		CLEAR
Oakreach	oakreach.com	two_word_pro	v1									UNKNOWN
Oakvalley	oakvalley.com	two_word	v6	TAKEN				0	0	0		TAKEN
Olvana	olvana.com	tech_mid	v3									UNKNOWN
Olvandel	olvandel.com	enterprise_invented	v2	AVAILABLE	11.08	11.08	no	0	0	0		CLEAR
Olvandor	olvandor.com	tech_mid	v3									UNKNOWN
Olvanence	olvanence.com	tech_general	v5	AVAILABLE	11.08	11.08	no	0	0	0		CLEAR
Olvania	olvania.com	pro_invented_short	v1	AVAILABLE	11.08	11.08	no	0	0	0		CLEAR
Olvanova	olvanova.com	tech_general	v4	AVAILABLE	11.08	11.08	no	0	0	0		CLEAR
Olvant	olvant.com	tech_modern	v3									UNKNOWN
Olvanta	olvanta.com	enterprise_invented	v2									UNKNOWN
Olvantheria	olvantheria.com	tech_general	v4	AVAILABLE	11.08	11.08	no	0	0	0		CLEAR
Olvarae	olvarae.com	enterprise_invented	v2	AVAILABLE	11.08	11.08	no	0	0	0		CLEAR
Olvare	olvare.com	tech_modern	v3									UNKNOWN
Olvaris	olvaris.com	tech_general	v5									UNKNOWN
Olvarista	olvarista.com	tech_general	v4	AVAILABLE	11.08	11.08	no	0	0	0		CLEAR
Olvarith	olvarith.com	pro_invented_long	v1	AVAILABLE	11.08	11.08	no	0	0	0		CLEAR
Olvaros	olvaros.com	tech_general	v4	AVAILABLE	11.08	11.08	no	0	0	0		CLEAR
Olvatial	olvatial.com	tech_general	v5	AVAILABLE	11.08	11.08	no	0	0	0		CLEAR
Olvatic	olvatic.com	tech_general	v4	AVAILABLE	11.08	11.08	no	0	0	0		CLEAR
Olvatide	olvatide.com	tech_general	v4	AVAILABLE	11.08	11.08	no	0	0	0		CLEAR
Olvatier	olvatier.com	tech_general	v5	AVAILABLE	11.08	11.08	no	0	0	0		CLEAR
Olvavos	olvavos.com	tech_general	v4	AVAILABLE	11.08	11.08	no	0	0	0		CLEAR
Olvbase	olvbase.com	tech_modern	v3									UNKNOWN
Olvbaxis	olvbaxis.com	tech_general	v5	AVAILABLE	11.08	11.08	no	0	0	0		CLEAR
Olvbonia	olvbonia.com	tech_general	v5	AVAILABLE	11.08	11.08	no	0	0	0		CLEAR
Olvcore	olvcore.com	tech_general	v4									UNKNOWN
Olvdanti	olvdanti.com	tech_modern	v3									UNKNOWN
Olvdek	olvdek.com	tech_general	v5	AVAILABLE	11.08	11.08	no	0	0	0		CLEAR
Olvdord	olvdord.com	tech_general	v5	AVAILABLE	11.08	11.08	no	0	0	0		CLEAR
Olvdova	olvdova.com	tech_general	v5	AVAILABLE	11.08	11.08	no	0	0	0		CLEAR
Olvdroma	olvdroma.com	tech_general	v4	AVAILABLE	11.08	11.08	no	0	0	0		CLEAR
Olvedos	olvedos.com	enterprise_invented	v2	AVAILABLE	11.08	11.08	no	0	0	0		CLEAR
Olvend	olvend.com	pro_invented_short	v1	AVAILABLE	11.08	11.08	no	0	0	0		CLEAR
Olvendrum	olvendrum.com	tech_general	v5	AVAILABLE	11.08	11.08	no	0	0	0		CLEAR
Olvenova	olvenova.com	tech_general	v4	AVAILABLE	11.08	11.08	no	0	0	0		CLEAR
Olverdon	olverdon.com	tech_general	v5	AVAILABLE	11.08	11.08	no	0	0	0		CLEAR
Olveriant	olveriant.com	tech_general	v4	AVAILABLE	11.08	11.08	no	0	0	0		CLEAR
Olveric	olveric.com	enterprise_invented	v2	AVAILABLE	11.08	11.08	no	0	0	0		CLEAR
Olveris	olveris.com	enterprise_invented	v2									UNKNOWN
Olveritas	olveritas.com	tech_latin_abstract	v3									UNKNOWN
Olverith	olverith.com	pro_invented_long	v1,v6	AVAILABLE	11.08	11.08	no	0	0	0		CLEAR
Olverra	olverra.com	pro_invented_short	v1									UNKNOWN
Olvert	olvert.com	pro_invented_short	v1									UNKNOWN
Olveska	olveska.com	tech_general	v5	AVAILABLE	11.08	11.08	no	0	0	0		CLEAR
Olvesta	olvesta.com	tech_general	v5	AVAILABLE	11.08	11.08	no	0	0	0		CLEAR
Olvex	olvex.com	tech_general	v5									UNKNOWN
Olvgrid	olvgrid.com	tech_general	v4	AVAILABLE	11.08	11.08	no	0	0	0		CLEAR
Olviantra	olviantra.com	tech_general	v4	AVAILABLE	11.08	11.08	no	0	0	0		CLEAR
Olvik	olvik.com	tech_general	v5									UNKNOWN
Olvitheon	olvitheon.com	tech_general	v4	AVAILABLE	11.08	11.08	no	0	0	0		CLEAR
Olvivity	olvivity.com	tech_general	v5	AVAILABLE	11.08	11.08	no	0	0	0		CLEAR
Olvlight	olvlight.com	tech_general	v4	AVAILABLE	11.08	11.08	no	0	0	0		CLEAR
Olvmex	olvmex.com	tech_general	v5	AVAILABLE	11.08	11.08	no	0	0	0		CLEAR
Olvodex	olvodex.com	tech_general	v4	AVAILABLE	11.08	11.08	no	0	0	0		CLEAR
Olvometric	olvometric.com	tech_general	v4	AVAILABLE	11.08	11.08	no	0	0	0		CLEAR
Olvonex	olvonex.com	tech_general	v4	AVAILABLE	11.08	11.08	no	0	0	0		CLEAR
Olvor	olvor.com	tech_general	v5									UNKNOWN
Olvora	olvora.com	tech_short	v3									UNKNOWN
Olvorant	olvorant.com	tech_general	v4	AVAILABLE	11.08	11.08	no	0	0	0		CLEAR
Olvoria	olvoria.com	tech_general	v5									UNKNOWN
Olvostra	olvostra.com	tech_general	v4	AVAILABLE	11.08	11.08	no	0	0	0		CLEAR
Olvovaris	olvovaris.com	tech_general	v5	AVAILABLE	11.08	11.08	no	0	0	0		CLEAR
Olvox	olvox.com	tech_short	v3									UNKNOWN
Olvpath	olvpath.com	tech_general	v5	AVAILABLE	11.08	11.08	no	0	0	0		CLEAR
Olvpeak	olvpeak.com	tech_general	v4	AVAILABLE	11.08	11.08	no	0	0	0		CLEAR
Olvprime	olvprime.com	tech_general	v4	AVAILABLE	11.08	11.08	no	0	0	0		CLEAR
Olvraxis	olvraxis.com	tech_latin_abstract	v3									UNKNOWN
Olvridge	olvridge.com	tech_general	v5	AVAILABLE	11.08	11.08	no	0	0	0		CLEAR
Olvrik	olvrik.com	pro_invented_short	v1	AVAILABLE	11.08	11.08	no	0	0	0		CLEAR
Olvriver	olvriver.com	tech_general	v4	AVAILABLE	11.08	11.08	no	0	0	0		CLEAR
Olvsummit	olvsummit.com	tech_general	v4	AVAILABLE	11.08	11.08	no	0	0	0		CLEAR
Olvtor	olvtor.com	tech_general	v5	AVAILABLE	11.08	11.08	no	0	0	0		CLEAR
Olvwave	olvwave.com	tech_general	v4	AVAILABLE	11.08	11.08	no	0	0	0		CLEAR
Olvwright	olvwright.com	tech_general	v5	AVAILABLE	11.08	11.08	no	0	0	0		CLEAR
Olympiaforge	olympiaforge.com	greek_roman_chad	v2									UNKNOWN
Olympiaworks	olympiaworks.com	greek_roman_chad	v2									UNKNOWN
Orovendel	orovendel.com	tech_general	v5	AVAILABLE	11.08	11.08	no	0	0	0		CLEAR
Orvarist	orvarist.com	tech_general	v4	AVAILABLE	11.08	11.08	no	0	0	0		CLEAR
Orvelantha	orvelantha.com	tech_general	v5	AVAILABLE	11.08	11.08	no	0	0	0		CLEAR
Orvelta	orvelta.com	tech_general	v4									UNKNOWN
Ostralor	ostralor.com	latin_long	v6	AVAILABLE	11.08	11.08	no	0	0	0		CLEAR
Patientwell	patientwell.com	two_word_pro	v1									UNKNOWN
Pegasos	pegasos.com	tech_latin_abstract	v3									UNKNOWN
Pelanta	pelanta.com	enterprise_invented	v2	AVAILABLE	11.08	11.08	no	0	0	0		CLEAR
Pelden	pelden.com	modern_abstract	v1									UNKNOWN
Pelica	pelica.com	tech_mid	v3									UNKNOWN
Pelmarist	pelmarist.com	tech_general	v4	AVAILABLE	11.08	11.08	no	0	0	0		CLEAR
Pelmaron	pelmaron.com	tech_general	v5	AVAILABLE	11.08	11.08	no	0	0	0		CLEAR
Pelmedora	pelmedora.com	tech_general	v4									UNKNOWN
Peltarion	peltarion.com	tech_general	v4									UNKNOWN
Pelvarist	pelvarist.com	tech_general	v4									UNKNOWN
Pelvarith	pelvarith.com	tech_general	v5	AVAILABLE	11.08	11.08	no	0	0	0		CLEAR
Pelvarum	pelvarum.com	tech_general	v5	AVAILABLE	11.08	11.08	no	0	0	0		CLEAR
Pelvor	pelvor.com	tech_general	v5									UNKNOWN
Pendarix	pendarix.com	latin_long	v6	AVAILABLE	11.08	11.08	no	0	0	0		CLEAR
Pengrid	pengrid.com	tech_modern	v3									UNKNOWN
Pinewright	pinewright.com	two_word_pro	v1,v6	AVAILABLE	11.08	11.08	no	0	0	0		CLEAR
Plenadron	plenadron.com	tech_general	v5	AVAILABLE	11.08	11.08	no	0	0	0		CLEAR
Plenandel	plenandel.com	enterprise_invented	v2	AVAILABLE	11.08	11.08	no	0	0	0		CLEAR
Plenanence	plenanence.com	tech_general	v5	AVAILABLE	11.08	11.08	no	0	0	0		CLEAR
Plenant	plenant.com	tech_modern	v3									UNKNOWN
Plenantheria	plenantheria.com	tech_general	v4									UNKNOWN
Plenare	plenare.com	tech_modern	v3									UNKNOWN
Plenarica	plenarica.com	tech_general	v4									UNKNOWN
Plenaris	plenaris.com	tech_general	v5									UNKNOWN
Plenaros	plenaros.com	tech_general	v4									UNKNOWN
Plenatial	plenatial.com	tech_general	v5	AVAILABLE	11.08	11.08	no	0	0	0		CLEAR
Plenatic	plenatic.com	tech_general	v4									UNKNOWN
Plenatide	plenatide.com	tech_general	v4									UNKNOWN
Plenatier	plenatier.com	tech_general	v5	AVAILABLE	11.08	11.08	no	0	0	0		CLEAR
Plenavara	plenavara.com	tech_general	v4									UNKNOWN
Plenavos	plenavos.com	tech_general	v4									UNKNOWN
Plenbaxis	plenbaxis.com	tech_general	v5	AVAILABLE	11.08	11.08	no	0	0	0		CLEAR
Plenbonia	plenbonia.com	tech_general	v5	AVAILABLE	11.08	11.08	no	0	0	0		CLEAR
Plendanti	plendanti.com	tech_modern	v3									UNKNOWN
Plendek	plendek.com	tech_general	v5	AVAILABLE	11.08	11.08	no	0	0	0		CLEAR
Plendex	plendex.com	compound_modern	v1									UNKNOWN
Plendo	plendo.com	tech_short	v3									UNKNOWN
Plendor	plendor.com	pro_invented_short	v1									UNKNOWN
Plendord	plendord.com	tech_general	v5	AVAILABLE	11.08	11.08	no	0	0	0		CLEAR
Plendova	plendova.com	tech_general	v5	AVAILABLE	11.08	11.08	no	0	0	0		CLEAR
Plendroma	plendroma.com	tech_general	v4									UNKNOWN
Plenedos	plenedos.com	enterprise_invented	v2	AVAILABLE	11.08	11.08	no	0	0	0		CLEAR
Pleneska	pleneska.com	tech_general	v5	AVAILABLE	11.08	11.08	no	0	0	0		CLEAR
Plenitheon	plenitheon.com	tech_general	v4									UNKNOWN
Plenivity	plenivity.com	tech_general	v5	AVAILABLE	11.08	11.08	no	0	0	0		CLEAR
Plenmex	plenmex.com	tech_general	v5	AVAILABLE	11.08	11.08	no	0	0	0		CLEAR
Plenodex	plenodex.com	tech_general	v4									UNKNOWN
Plenometric	plenometric.com	tech_general	v4									UNKNOWN
Plenonex	plenonex.com	tech_general	v4									UNKNOWN
Plenor	plenor.com	short_invented	v6	TAKEN				0	0	0		TAKEN
Plenora	plenora.com	tech_short	v3									UNKNOWN
Plenorant	plenorant.com	tech_general	v4									UNKNOWN
Plenoria	plenoria.com	tech_general	v5									UNKNOWN
Plenova	plenova.com	tech_general	v4									UNKNOWN
Plenovaris	plenovaris.com	tech_general	v5	AVAILABLE	11.08	11.08	no	0	0	0		CLEAR
Plenraxis	plenraxis.com	tech_latin_abstract	v3									UNKNOWN
Plentor	plentor.com	tech_general	v5									UNKNOWN
Plenveriant	plenveriant.com	tech_general	v4									UNKNOWN
Plenveritas	plenveritas.com	tech_latin_abstract	v3									UNKNOWN
Plenverith	plenverith.com	tech_general	v4									UNKNOWN
Plenvex	plenvex.com	tech_general	v5									UNKNOWN
Plenvik	plenvik.com	tech_general	v5	AVAILABLE	11.08	11.08	no	0	0	0		CLEAR
Plenwave	plenwave.com	tech_general	v4									UNKNOWN
Plevor	plevor.com	enterprise_invented	v2									UNKNOWN
Plyma	plyma.com	tech_short	v3									UNKNOWN
Plymara	plymara.com	tech_general	v4									UNKNOWN
Plyna	plyna.com	enterprise_invented	v2									UNKNOWN
Plyx	plyx.com	tech_short	v3									UNKNOWN
Plyxora	plyxora.com	tech_short	v3									UNKNOWN
Polant	polant.com	tech_modern	v3									UNKNOWN
Polden	polden.com	modern_abstract	v1									UNKNOWN
PortCreditCo	portcreditco.com	geographic	v1	AVAILABLE	11.08	11.08	no	0	0	0		CLEAR
PortCreditDigital	portcreditdigital.com	geographic	v1	AVAILABLE	11.08	11.08	no	0	0	0		CLEAR
PortCreditGroup	portcreditgroup.com	geographic	v1	AVAILABLE	11.08	11.08	no	0	0	0		CLEAR
PortCreditLabs	portcreditlabs.com	geographic	v1	AVAILABLE	11.08	11.08	no	0	0	0		CLEAR
PortCreditPartners	portcreditpartners.com	geographic	v1	AVAILABLE	11.08	11.08	no	0	0	0		CLEAR
PortCreditStudio	portcreditstudio.com	geographic	v1	AVAILABLE	11.08	11.08	no	0	0	0		CLEAR
PortCreditWorks	portcreditworks.com	geographic	v1	AVAILABLE	11.08	11.08	no	0	0	0		CLEAR
Praetorforge	praetorforge.com	greek_roman_chad	v2	AVAILABLE	11.08	11.08	no	0	0	0		CLEAR
Praetorian	praetorian.com	greek_roman_chad	v2									UNKNOWN
Praetorworks	praetorworks.com	greek_roman_chad	v2	AVAILABLE	11.08	11.08	no	0	0	0		CLEAR
Pravantis	pravantis.com	latin_long	v6	AVAILABLE	11.08	11.08	no	0	0	0		CLEAR
Pravara	pravara.com	modern_startup	v6	TAKEN				0	0	0		TAKEN
Praven	praven.com	modern_abstract	v1									UNKNOWN
Pravex	pravex.com	enterprise_invented	v2									UNKNOWN
Pravin	pravin.com	tech_general	v5									UNKNOWN
Pravix	pravix.com	short_invented	v6	TAKEN				0	0	0		TAKEN
Pravora	pravora.com	modern_startup	v6	TAKEN				0	0	0		TAKEN
Praxara	praxara.com	tech_latin_abstract	v3									UNKNOWN
Praxion	praxion.com	pro_invented_short	v1									UNKNOWN
Praxivant	praxivant.com	compound_modern	v1	AVAILABLE	11.08	11.08	no	0	0	0		CLEAR
Praxon	praxon.com	short_invented	v6	TAKEN				1	0	1	Praxon Global Inc. (Active)	TAKEN
Praxor	praxor.com	enterprise_invented	v2									UNKNOWN
Praxos	praxos.com	tech_mid	v3									UNKNOWN
Prendarith	prendarith.com	tech_general	v4									UNKNOWN
Preno	preno.com	tech_short	v3									UNKNOWN
Provendel	provendel.com	tech_general	v5	AVAILABLE	11.08	11.08	no	0	0	0		CLEAR
Provet	provet.com	tech_general	v5									UNKNOWN
Qrovendel	qrovendel.com	tech_general	v5	AVAILABLE	11.08	11.08	no	0	0	0		CLEAR
Quanex	quanex.com	short_invented	v6	TAKEN				0	0	0		TAKEN
Quantix	quantix.com	tech_mid	v3									UNKNOWN
Quickforge	quickforge.com	two_word	v6	TAKEN				0	0	0		TAKEN
Quietfield	quietfield.com	tech_general	v5									UNKNOWN
Quietforge	quietforge.com	two_word	v6	TAKEN				0	0	0		TAKEN
Quietport	quietport.com	tech_general	v5									UNKNOWN
Quietridge	quietridge.com	tech_general	v5									UNKNOWN
Quietstone	quietstone.com	tech_general	v5									UNKNOWN
Quietwell	quietwell.com	tech_general	v5									UNKNOWN
Quintaroth	quintaroth.com	tech_general	v5	AVAILABLE	11.08	11.08	no	0	0	0		CLEAR
Quintaval	quintaval.com	tech_general	v4									UNKNOWN
Quintavor	quintavor.com	tech_general	v4									UNKNOWN
Quintos	quintos.com	tech_latin_abstract	v3									UNKNOWN
Quivendor	quivendor.com	tech_general	v5	AVAILABLE	11.08	11.08	no	0	0	0		CLEAR
Quivor	quivor.com	tech_general	v5									UNKNOWN
Quivora	quivora.com	tech_general	v5									UNKNOWN
Quivox	quivox.com	modern_startup	v6	TAKEN				0	0	0		TAKEN
Quorelis	quorelis.com	tech_general	v4									UNKNOWN
Quorindra	quorindra.com	tech_general	v4									UNKNOWN
Quorvanth	quorvanth.com	latin_long	v6	AVAILABLE	11.08	11.08	no	0	0	0		CLEAR
Quvara	quvara.com	modern_startup	v6	TAKEN				0	0	0		TAKEN
Quvora	quvora.com	short_invented	v6	TAKEN				0	0	0		TAKEN
Renvardel	renvardel.com	tech_general	v5	AVAILABLE	11.08	11.08	no	0	0	0		CLEAR
Renvarith	renvarith.com	latin_long	v4,v6	AVAILABLE	11.08	11.08	no	0	0	0		CLEAR
Renvor	renvor.com	tech_general	v5									UNKNOWN
Renvora	renvora.com	tech_general	v5									UNKNOWN
Resvanrik	resvanrik.com	tech_general	v5	AVAILABLE	11.08	11.08	no	0	0	0		CLEAR
Romulusforge	romulusforge.com	greek_roman_chad	v2	AVAILABLE	11.08	11.08	no	0	0	0		CLEAR
Romulusworks	romulusworks.com	greek_roman_chad	v2	AVAILABLE	11.08	11.08	no	0	0	0		CLEAR
Rrovendel	rrovendel.com	tech_general	v5	AVAILABLE	11.08	11.08	no	0	0	0		CLEAR
Senvex	senvex.com	short_invented	v6	TAKEN				0	0	0		TAKEN
Sigmaclash	sigmaclash.com	moggy_sigma	v2	AVAILABLE	11.08	11.08	no	0	0	0		CLEAR
Sigmacore	sigmacore.com	moggy_sigma	v2									UNKNOWN
Sigmaedge	sigmaedge.com	moggy_sigma	v2									UNKNOWN
Sigmaforge	sigmaforge.com	moggy_sigma	v2									UNKNOWN
Sigmagrid	sigmagrid.com	moggy_sigma	v2									UNKNOWN
Sigmaridge	sigmaridge.com	moggy_sigma	v2									UNKNOWN
Sigmastark	sigmastark.com	moggy_sigma	v2	AVAILABLE	11.08	11.08	no	0	0	0		CLEAR
Sigmastride	sigmastride.com	moggy_sigma	v2									UNKNOWN
Sigmavault	sigmavault.com	moggy_sigma	v2									UNKNOWN
Sigmaworks	sigmaworks.com	moggy_sigma	v2									UNKNOWN
Sindalor	sindalor.com	tech_general	v4									UNKNOWN
Sindara	sindara.com	tech_general	v4									UNKNOWN
Solandel	solandel.com	enterprise_invented	v2	AVAILABLE	11.08	11.08	no	0	0	0		CLEAR
Solandor	solandor.com	tech_mid	v3									UNKNOWN
Solanence	solanence.com	tech_general	v5	AVAILABLE	11.08	11.08	no	0	0	0		CLEAR
Solant	solant.com	tech_modern	v3									UNKNOWN
Solanta	solanta.com	enterprise_invented	v2									UNKNOWN
Solanthe	solanthe.com	enterprise_invented	v2									UNKNOWN
Solantheria	solantheria.com	tech_general	v4									UNKNOWN
Solare	solare.com	tech_modern	v3									UNKNOWN
Solaris	solaris.com	tech_general	v5									UNKNOWN
Solaros	solaros.com	tech_general	v4									UNKNOWN
Solatial	solatial.com	tech_general	v5	AVAILABLE	11.08	11.08	no	0	0	0		CLEAR
Solatic	solatic.com	tech_general	v4									UNKNOWN
Solatide	solatide.com	tech_general	v4									UNKNOWN
Solatier	solatier.com	tech_general	v5									UNKNOWN
Solavos	solavos.com	tech_general	v4									UNKNOWN
Solbase	solbase.com	tech_modern	v3									UNKNOWN
Solbaxis	solbaxis.com	tech_general	v5	AVAILABLE	11.08	11.08	no	0	0	0		CLEAR
Solbonia	solbonia.com	tech_general	v5	AVAILABLE	11.08	11.08	no	0	0	0		CLEAR
Solbrith	solbrith.com	modern_abstract	v1	AVAILABLE	11.08	11.08	no	0	0	0		CLEAR
Solcore	solcore.com	tech_general	v4									UNKNOWN
Soldanti	soldanti.com	tech_modern	v3									UNKNOWN
Soldek	soldek.com	tech_general	v5									UNKNOWN
Solden	solden.com	modern_abstract	v1									UNKNOWN
Solderon	solderon.com	tech_general	v5	AVAILABLE	11.08	11.08	no	0	0	0		CLEAR
Soldord	soldord.com	tech_general	v5	AVAILABLE	11.08	11.08	no	0	0	0		CLEAR
Soldova	soldova.com	tech_general	v5									UNKNOWN
Soldroma	soldroma.com	tech_general	v4									UNKNOWN
Solendrik	solendrik.com	pro_invented_long	v1	AVAILABLE	11.08	11.08	no	0	0	0		CLEAR
Solendris	solendris.com	latin_long	v6	AVAILABLE	11.08	11.08	no	0	0	0		CLEAR
Solendros	solendros.com	tech_general	v4									UNKNOWN
Solenta	solenta.com	enterprise_invented	v2									UNKNOWN
Solenza	solenza.com	enterprise_invented	v2									UNKNOWN
Solera	solera.com	tech_mid	v3									UNKNOWN
Soleska	soleska.com	tech_general	v5									UNKNOWN
Solesta	solesta.com	tech_general	v5									UNKNOWN
Solgrid	solgrid.com	tech_general	v4									UNKNOWN
Solinova	solinova.com	tech_general	v4									UNKNOWN
Solitheon	solitheon.com	tech_general	v4									UNKNOWN
Solivity	solivity.com	tech_general	v5									UNKNOWN
Sollight	sollight.com	tech_general	v4									UNKNOWN
Solmara	solmara.com	modern_startup	v6	TAKEN				0	0	0		TAKEN
Solmex	solmex.com	tech_general	v5									UNKNOWN
Solnex	solnex.com	short_invented	v6	TAKEN				0	0	0		TAKEN
Solodex	solodex.com	tech_general	v4									UNKNOWN
Solometric	solometric.com	tech_general	v4									UNKNOWN
Solonex	solonex.com	tech_general	v4									UNKNOWN
Solorant	solorant.com	tech_general	v4									UNKNOWN
Soloria	soloria.com	tech_general	v5									UNKNOWN
Solostra	solostra.com	tech_general	v4									UNKNOWN
Solovaris	solovaris.com	tech_general	v5	AVAILABLE	11.08	11.08	no	0	0	0		CLEAR
Solpath	solpath.com	tech_general	v5									UNKNOWN
Solpeak	solpeak.com	tech_general	v4									UNKNOWN
Solprime	solprime.com	tech_general	v4									UNKNOWN
Solridge	solridge.com	tech_general	v5									UNKNOWN
Solriver	solriver.com	tech_general	v4									UNKNOWN
Solsummit	solsummit.com	tech_general	v4									UNKNOWN
Soltor	soltor.com	tech_general	v5									UNKNOWN
Solvador	solvador.com	tech_mid	v3									UNKNOWN
Solvant	solvant.com	pro_invented_short	v1									UNKNOWN
Solvara	solvara.com	modern_startup	v6	TAKEN				0	0	0		TAKEN
Solvedos	solvedos.com	enterprise_invented	v2	AVAILABLE	11.08	11.08	no	0	0	0		CLEAR
Solven	solven.com	enterprise_invented	v2									UNKNOWN
Solvendor	solvendor.com	pro_invented_long	v1									UNKNOWN
Solveriant	solveriant.com	tech_general	v4									UNKNOWN
Solveric	solveric.com	enterprise_invented	v2									UNKNOWN
Solverica	solverica.com	tech_general	v4									UNKNOWN
Solveris	solveris.com	enterprise_invented	v2									UNKNOWN
Solveritas	solveritas.com	tech_latin_abstract	v3									UNKNOWN
Solvex	solvex.com	short_invented	v1,v6	TAKEN				1	1	2	SolveX Canada Inc. (Dissolved for non-co)	TAKEN
Solvik	solvik.com	tech_general	v5									UNKNOWN
Solvor	solvor.com	tech_general	v5									UNKNOWN
Solvora	solvora.com	tech_short	v3									UNKNOWN
Solwave	solwave.com	tech_general	v4									UNKNOWN
Solwright	solwright.com	tech_general	v5	AVAILABLE	11.08	11.08	no	0	0	0		CLEAR
Sondaria	sondaria.com	pro_invented_long	v1									UNKNOWN
Sondell	sondell.com	tech_mid	v3									UNKNOWN
Sondervic	sondervic.com	tech_general	v5	AVAILABLE	11.08	11.08	no	0	0	0		CLEAR
Sondex	sondex.com	short_invented	v5,v6	TAKEN				0	2	2	LES PLASTIQUES SONDEX INC. SONDEX PLASTI (Dissolved for non-co)	TAKEN
Sondor	sondor.com	enterprise_invented	v2									UNKNOWN
Sondrik	sondrik.com	pro_invented_short	v1	AVAILABLE	11.08	11.08	no	0	0	0		CLEAR
Soraxis	soraxis.com	tech_latin_abstract	v3									UNKNOWN
Sorben	sorben.com	modern_abstract	v1									UNKNOWN
Sorenta	sorenta.com	enterprise_invented	v2									UNKNOWN
Sorven	sorven.com	pro_invented_short	v1									UNKNOWN
Sorvo	sorvo.com	tech_short	v3									UNKNOWN
Southbrook	southbrook.com	two_word	v6	TAKEN				0	0	0		TAKEN
Spartancore	spartancore.com	greek_roman_chad	v2									UNKNOWN
Spartanforge	spartanforge.com	greek_roman_chad	v2									UNKNOWN
Spartanvault	spartanvault.com	greek_roman_chad	v2									UNKNOWN
Spartanworks	spartanworks.com	greek_roman_chad	v2									UNKNOWN
Srovendel	srovendel.com	tech_general	v5	AVAILABLE	11.08	11.08	no	0	0	0		CLEAR
Standford	standford.com	two_word_pro	v1									UNKNOWN
Standpath	standpath.com	two_word_pro	v1	AVAILABLE	11.08	11.08	no	0	0	0		CLEAR
Steadfield	steadfield.com	tech_general	v5									UNKNOWN
Steadport	steadport.com	tech_general	v5									UNKNOWN
Steadridge	steadridge.com	tech_general	v5									UNKNOWN
Steadstone	steadstone.com	tech_general	v5									UNKNOWN
Steadwell	steadwell.com	tech_general	v5									UNKNOWN
Steadwright	steadwright.com	two_word_pro	v1									UNKNOWN
Steadyline	steadyline.com	two_word_pro	v1									UNKNOWN
Steadyport	steadyport.com	two_word	v6	TAKEN				0	0	0		TAKEN
Steelmere	steelmere.com	two_word	v6	AVAILABLE	11.08	11.08	no	0	0	0		CLEAR
Stelandel	stelandel.com	enterprise_invented	v2	AVAILABLE	11.08	11.08	no	0	0	0		CLEAR
Stelandor	stelandor.com	tech_mid	v3									UNKNOWN
Stelanence	stelanence.com	tech_general	v5	AVAILABLE	11.08	11.08	no	0	0	0		CLEAR
Stelant	stelant.com	tech_modern	v3									UNKNOWN
Stelanta	stelanta.com	enterprise_invented	v2	AVAILABLE	11.08	11.08	no	0	0	0		CLEAR
Stelantheria	stelantheria.com	tech_general	v4									UNKNOWN
Stelare	stelare.com	tech_modern	v3									UNKNOWN
Stelarica	stelarica.com	tech_general	v4									UNKNOWN
Stelaris	stelaris.com	tech_general	v5									UNKNOWN
Stelaros	stelaros.com	tech_general	v4									UNKNOWN
Stelatial	stelatial.com	tech_general	v5	AVAILABLE	11.08	11.08	no	0	0	0		CLEAR
Stelatic	stelatic.com	tech_general	v4									UNKNOWN
Stelatide	stelatide.com	tech_general	v4									UNKNOWN
Stelatier	stelatier.com	tech_general	v5	AVAILABLE	11.08	11.08	no	0	0	0		CLEAR
Stelavos	stelavos.com	tech_general	v4									UNKNOWN
Stelbase	stelbase.com	tech_modern	v3									UNKNOWN
Stelbaxis	stelbaxis.com	tech_general	v5	AVAILABLE	11.08	11.08	no	0	0	0		CLEAR
Stelbonia	stelbonia.com	tech_general	v5	AVAILABLE	11.08	11.08	no	0	0	0		CLEAR
Steldanti	steldanti.com	tech_modern	v3									UNKNOWN
Steldek	steldek.com	tech_general	v5	AVAILABLE	11.08	11.08	no	0	0	0		CLEAR
Steldord	steldord.com	tech_general	v5	AVAILABLE	11.08	11.08	no	0	0	0		CLEAR
Steldova	steldova.com	tech_general	v5	AVAILABLE	11.08	11.08	no	0	0	0		CLEAR
Steldroma	steldroma.com	tech_general	v4									UNKNOWN
Steldron	steldron.com	tech_general	v5	AVAILABLE	11.08	11.08	no	0	0	0		CLEAR
Steleska	steleska.com	tech_general	v5	AVAILABLE	11.08	11.08	no	0	0	0		CLEAR
Stelesta	stelesta.com	tech_general	v5	AVAILABLE	11.08	11.08	no	0	0	0		CLEAR
Stelina	stelina.com	enterprise_invented	v2									UNKNOWN
Stelinova	stelinova.com	tech_general	v4									UNKNOWN
Stelitheon	stelitheon.com	tech_general	v4									UNKNOWN
Stelivity	stelivity.com	tech_general	v5	AVAILABLE	11.08	11.08	no	0	0	0		CLEAR
Stelmar	stelmar.com	pro_invented_short	v1									UNKNOWN
Stelmex	stelmex.com	tech_general	v5	AVAILABLE	11.08	11.08	no	0	0	0		CLEAR
Stelnor	stelnor.com	pro_invented_short	v1	AVAILABLE	11.08	11.08	no	0	0	0		CLEAR
Stelo	stelo.com	tech_short	v3									UNKNOWN
Stelodex	stelodex.com	tech_general	v4									UNKNOWN
Stelometric	stelometric.com	tech_general	v4									UNKNOWN
Stelonex	stelonex.com	tech_general	v4									UNKNOWN
Stelora	stelora.com	tech_short	v3									UNKNOWN
Stelorant	stelorant.com	tech_general	v4									UNKNOWN
Steloria	steloria.com	tech_general	v5									UNKNOWN
Stelorica	stelorica.com	tech_general	v4									UNKNOWN
Stelostra	stelostra.com	tech_general	v4									UNKNOWN
Stelovaris	stelovaris.com	tech_general	v5	AVAILABLE	11.08	11.08	no	0	0	0		CLEAR
Stelpath	stelpath.com	tech_general	v5	AVAILABLE	11.08	11.08	no	0	0	0		CLEAR
Stelpeak	stelpeak.com	tech_general	v4									UNKNOWN
Stelplex	stelplex.com	compound_modern	v1	AVAILABLE	11.08	11.08	no	0	0	0		CLEAR
Stelraxis	stelraxis.com	tech_latin_abstract	v3									UNKNOWN
Stelridge	stelridge.com	tech_general	v5	AVAILABLE	11.08	11.08	no	0	0	0		CLEAR
Stelriver	stelriver.com	tech_general	v4									UNKNOWN
Stelsummit	stelsummit.com	tech_general	v4									UNKNOWN
Steltor	steltor.com	tech_general	v5									UNKNOWN
Stelvant	stelvant.com	compound_modern	v1	AVAILABLE	11.08	11.08	no	0	0	0		CLEAR
Stelvarin	stelvarin.com	latin_long	v6	AVAILABLE	11.08	11.08	no	0	0	0		CLEAR
Stelvarra	stelvarra.com	pro_invented_long	v1	AVAILABLE	11.08	11.08	no	0	0	0		CLEAR
Stelvedos	stelvedos.com	enterprise_invented	v2	AVAILABLE	11.08	11.08	no	0	0	0		CLEAR
Stelven	stelven.com	pro_invented_short	v1									UNKNOWN
Stelveriant	stelveriant.com	tech_general	v4									UNKNOWN
Stelveric	stelveric.com	enterprise_invented	v2	AVAILABLE	11.08	11.08	no	0	0	0		CLEAR
Stelveris	stelveris.com	enterprise_invented	v2	AVAILABLE	11.08	11.08	no	0	0	0		CLEAR
Stelveritas	stelveritas.com	tech_latin_abstract	v3									UNKNOWN
Stelverith	stelverith.com	tech_general	v4									UNKNOWN
Stelvex	stelvex.com	compound_modern	v1									UNKNOWN
Stelvik	stelvik.com	tech_general	v5									UNKNOWN
Stelvonia	stelvonia.com	pro_invented_long	v1	AVAILABLE	11.08	11.08	no	0	0	0		CLEAR
Stelvra	stelvra.com	pro_invented_short	v1	AVAILABLE	11.08	11.08	no	0	0	0		CLEAR
Stelwave	stelwave.com	tech_general	v4									UNKNOWN
Stelwright	stelwright.com	tech_general	v5	AVAILABLE	11.08	11.08	no	0	0	0		CLEAR
Stenveritas	stenveritas.com	tech_latin_abstract	v3									UNKNOWN
Stenvex	stenvex.com	compound_modern	v1									UNKNOWN
Stenwell	stenwell.com	pro_invented_short	v1									UNKNOWN
Stillfield	stillfield.com	tech_general	v5									UNKNOWN
Stillgate	stillgate.com	two_word_pro	v1									UNKNOWN
Stillgrove	stillgrove.com	two_word	v6	TAKEN				0	0	0		TAKEN
Stillport	stillport.com	tech_general	v5									UNKNOWN
Stillridge	stillridge.com	tech_general	v5									UNKNOWN
Stillstone	stillstone.com	tech_general	v5									UNKNOWN
Stillwell	stillwell.com	tech_general	v5									UNKNOWN
Stoneforge	stoneforge.com	two_word	v6	TAKEN				0	1	1	STONEFORGE CONSTRUCTION INC. (Dissolved for non-co)	TAKEN
Stoneline	stoneline.com	two_word_pro	v1									UNKNOWN
Stradenia	stradenia.com	pro_invented_long	v1	AVAILABLE	11.08	11.08	no	0	0	0		CLEAR
Stradivor	stradivor.com	tech_general	v5	AVAILABLE	11.08	11.08	no	0	0	0		CLEAR
Stradon	stradon.com	pro_invented_short	v1									UNKNOWN
Stradonia	stradonia.com	tech_general	v4									UNKNOWN
Stradorial	stradorial.com	tech_general	v4									UNKNOWN
Stradox	stradox.com	tech_general	v5									UNKNOWN
Stradyne	stradyne.com	pro_invented_short	v1									UNKNOWN
Strandel	strandel.com	pro_invented_short	v1									UNKNOWN
Strathmore	strathmore.com	pro_invented_long	v1									UNKNOWN
StreetsvilleCraft	streetsvillecraft.com	geographic	v1	AVAILABLE	11.08	11.08	no	0	0	0		CLEAR
StreetsvilleLabs	streetsvillelabs.com	geographic	v1	AVAILABLE	11.08	11.08	no	0	0	0		CLEAR
Strendaroth	strendaroth.com	tech_general	v4									UNKNOWN
Strexora	strexora.com	tech_short	v3									UNKNOWN
Strident	strident.com	compound_modern	v1									UNKNOWN
Stridmar	stridmar.com	tech_general	v4									UNKNOWN
Strongport	strongport.com	two_word	v6	TAKEN				0	0	0		TAKEN
Strydor	strydor.com	tech_general	v4									UNKNOWN
Strydora	strydora.com	tech_general	v4									UNKNOWN
Strynt	strynt.com	enterprise_invented	v2									UNKNOWN
Syntavex	syntavex.com	pro_invented_short	v1	AVAILABLE	11.08	11.08	no	0	0	0		CLEAR
Synthar	synthar.com	tech_latin_abstract	v3									UNKNOWN
Synthex	synthex.com	tech_mid	v3									UNKNOWN
Talverin	talverin.com	tech_general	v5									UNKNOWN
Talvex	talvex.com	modern_abstract	v1									UNKNOWN
Tarendor	tarendor.com	tech_general	v4									UNKNOWN
Tarvor	tarvor.com	tech_general	v5									UNKNOWN
Tarvora	tarvora.com	tech_general	v5									UNKNOWN
Tendora	tendora.com	pro_invented_short	v1									UNKNOWN
Tendrin	tendrin.com	pro_invented_short	v1	AVAILABLE	11.08	11.08	no	0	0	0		CLEAR
Tendrium	tendrium.com	pro_invented_long	v1									UNKNOWN
Tendro	tendro.com	short_invented	v6	TAKEN				0	0	0		TAKEN
Tervanis	tervanis.com	latin_long	v6	TAKEN				0	0	0		TAKEN
Tigerclad	tigerclad.com	moggy_sigma	v2	AVAILABLE	11.08	11.08	no	0	0	0		CLEAR
Tigerforge	tigerforge.com	moggy_sigma	v2									UNKNOWN
Tovaron	tovaron.com	tech_general	v5	AVAILABLE	11.08	11.08	no	0	0	0		CLEAR
Travidor	travidor.com	tech_general	v4									UNKNOWN
Trendvaris	trendvaris.com	tech_general	v5	AVAILABLE	11.08	11.08	no	0	0	0		CLEAR
Trevandos	trevandos.com	tech_general	v5	AVAILABLE	11.08	11.08	no	0	0	0		CLEAR
Trevant	trevant.com	modern_abstract	v1									UNKNOWN
Trevarith	trevarith.com	tech_general	v4									UNKNOWN
Trevarra	trevarra.com	tech_general	v4									UNKNOWN
Trevelta	trevelta.com	tech_general	v5	AVAILABLE	11.08	11.08	no	0	0	0		CLEAR
Trevidor	trevidor.com	tech_general	v4									UNKNOWN
Triada	triada.com	tech_latin_abstract	v3									UNKNOWN
Triton34	triton34.com	greek_roman_chad	v2	AVAILABLE	11.08	11.08	no	0	0	0		CLEAR
Tritonforge	tritonforge.com	greek_roman_chad	v2									UNKNOWN
Tritonridge	tritonridge.com	greek_roman_chad	v2									UNKNOWN
Tritonworks	tritonworks.com	greek_roman_chad	v2									UNKNOWN
Trovendel	trovendel.com	tech_general	v5	AVAILABLE	11.08	11.08	no	0	0	0		CLEAR
Truefield	truefield.com	tech_general	v5									UNKNOWN
Truepath	truepath.com	two_word	v6	TAKEN				2	0	2	TruePath Healthcare  Corporation (Active)	TAKEN
Trueport	trueport.com	tech_general	v5									UNKNOWN
Trueridge	trueridge.com	tech_general	v5									UNKNOWN
Truestone	truestone.com	tech_general	v5									UNKNOWN
Truewell	truewell.com	tech_general	v5									UNKNOWN
Truewright	truewright.com	two_word_pro	v1	AVAILABLE	11.08	11.08	no	0	0	0		CLEAR
Trustforge	trustforge.com	two_word	v6	TAKEN				0	0	0		TAKEN
Trustline	trustline.com	two_word_pro	v1									UNKNOWN
Ulvarist	ulvarist.com	tech_general	v4									UNKNOWN
Ulvenarith	ulvenarith.com	tech_general	v5	AVAILABLE	11.08	11.08	no	0	0	0		CLEAR
Urovendel	urovendel.com	tech_general	v5	AVAILABLE	11.08	11.08	no	0	0	0		CLEAR
Urvendor	urvendor.com	latin_long	v6	TAKEN				0	0	0		TAKEN
Uvendrik	uvendrik.com	tech_general	v5	AVAILABLE	11.08	11.08	no	0	0	0		CLEAR
Uvron	uvron.com	tech_general	v5									UNKNOWN
Vanora	vanora.com	tech_mid	v3									UNKNOWN
Vanto	vanto.com	tech_short	v3									UNKNOWN
Varenza	varenza.com	enterprise_invented	v2									UNKNOWN
Veldox	veldox.com	short_invented	v6	TAKEN				0	0	0		TAKEN
Veldris	veldris.com	pro_invented_short	v1									UNKNOWN
Vellum	vellum.com	pro_invented_short	v1									UNKNOWN
Velmara	velmara.com	modern_startup	v6	TAKEN				0	0	0		TAKEN
Velmark	velmark.com	pro_invented_short	v1									UNKNOWN
Velnex	velnex.com	compound_modern	v1									UNKNOWN
Velnix	velnix.com	pro_invented_short	v1									UNKNOWN
Velorra	velorra.com	pro_invented_short	v1									UNKNOWN
Velvarith	velvarith.com	latin_long	v6	AVAILABLE	11.08	11.08	no	0	0	0		CLEAR
Velvix	velvix.com	short_invented	v6	TAKEN				0	0	0		TAKEN
Velvor	velvor.com	short_invented	v6	TAKEN				0	0	0		TAKEN
Vendanence	vendanence.com	tech_general	v5	AVAILABLE	11.08	11.08	no	0	0	0		CLEAR
Vendantheria	vendantheria.com	tech_general	v4									UNKNOWN
Vendara	vendara.com	modern_startup	v3,v6	TAKEN				0	0	0		TAKEN
Vendaris	vendaris.com	tech_general	v5									UNKNOWN
Vendarist	vendarist.com	tech_general	v4									UNKNOWN
Vendarith	vendarith.com	tech_general	v5	AVAILABLE	11.08	11.08	no	0	0	0		CLEAR
Vendaron	vendaron.com	tech_general	v5	AVAILABLE	11.08	11.08	no	0	0	0		CLEAR
Vendaros	vendaros.com	tech_general	v4									UNKNOWN
Vendaroth	vendaroth.com	tech_general	v4									UNKNOWN
Vendatial	vendatial.com	tech_general	v5	AVAILABLE	11.08	11.08	no	0	0	0		CLEAR
Vendatic	vendatic.com	tech_general	v4									UNKNOWN
Vendatide	vendatide.com	tech_general	v4									UNKNOWN
Vendatier	vendatier.com	tech_general	v5									UNKNOWN
Vendavos	vendavos.com	tech_general	v4									UNKNOWN
Venddroma	venddroma.com	tech_general	v4									UNKNOWN
Vendivity	vendivity.com	tech_general	v5									UNKNOWN
Vendix	vendix.com	short_invented	v6	TAKEN				0	0	0		TAKEN
Vendodex	vendodex.com	tech_general	v4									UNKNOWN
Vendometric	vendometric.com	tech_general	v4									UNKNOWN
Vendonex	vendonex.com	tech_general	v4									UNKNOWN
Vendora	vendora.com	pro_invented_short	v1									UNKNOWN
Vendoria	vendoria.com	tech_general	v5									UNKNOWN
Vendtor	vendtor.com	tech_general	v5									UNKNOWN
Vendveriant	vendveriant.com	tech_general	v4									UNKNOWN
Vendverith	vendverith.com	tech_general	v4									UNKNOWN
Vendvor	vendvor.com	tech_general	v5									UNKNOWN
Vendwave	vendwave.com	tech_general	v4									UNKNOWN
Veox	veox.com	tech_short	v3									UNKNOWN
Verandel	verandel.com	enterprise_invented	v2	AVAILABLE	11.08	11.08	no	0	0	0		CLEAR
Verandil	verandil.com	enterprise_invented	v2	AVAILABLE	11.08	11.08	no	0	0	0		CLEAR
Verant	verant.com	compound_modern	v1									UNKNOWN
Veranta	veranta.com	enterprise_invented	v2									UNKNOWN
Veranthia	veranthia.com	pro_invented_long	v1	AVAILABLE	11.08	11.08	no	0	0	0		CLEAR
Veranthor	veranthor.com	pro_invented_long	v1	AVAILABLE	11.08	11.08	no	0	0	0		CLEAR
Veranthos	veranthos.com	enterprise_invented	v2	AVAILABLE	11.08	11.08	no	0	0	0		CLEAR
Veranza	veranza.com	enterprise_invented	v2									UNKNOWN
Verax	verax.com	short_invented	v6	TAKEN				1	1	2	VERAX HOLDINGS LTD. LES PLACEMENTS VERAX (Dissolved for non-co)	TAKEN
Verbase	verbase.com	tech_general	v4									UNKNOWN
Verbaxis	verbaxis.com	tech_general	v5									UNKNOWN
Verbonia	verbonia.com	tech_general	v5									UNKNOWN
Vercive	vercive.com	enterprise_invented	v2									UNKNOWN
Vercore	vercore.com	tech_general	v4									UNKNOWN
Verdek	verdek.com	tech_general	v5									UNKNOWN
Verdivex	verdivex.com	compound_modern	v1	AVAILABLE	11.08	11.08	no	0	0	0		CLEAR
Verdord	verdord.com	tech_general	v5									UNKNOWN
Verdova	verdova.com	tech_general	v5									UNKNOWN
Verendel	verendel.com	pro_invented_short	v1									UNKNOWN
Verendola	verendola.com	pro_invented_long	v1	AVAILABLE	11.08	11.08	no	0	0	0		CLEAR
Verenta	verenta.com	enterprise_invented	v2									UNKNOWN
Veresca	veresca.com	tech_general	v5									UNKNOWN
Vergrid	vergrid.com	tech_general	v4									UNKNOWN
Veridian	veridian.com	enterprise_invented	v2									UNKNOWN
Veridicta	veridicta.com	enterprise_invented	v2									UNKNOWN
Veridos	veridos.com	enterprise_invented	v2									UNKNOWN
Verita	verita.com	tech_mid	v3									UNKNOWN
Veritalis	veritalis.com	tech_latin_abstract	v3									UNKNOWN
Veritarian	veritarian.com	tech_general	v4									UNKNOWN
Verith	verith.com	pro_invented_short	v1									UNKNOWN
Veritor	veritor.com	enterprise_invented	v2									UNKNOWN
Verlare	verlare.com	tech_modern	v3									UNKNOWN
Verlight	verlight.com	tech_general	v4									UNKNOWN
Verlin	verlin.com	short_invented	v6	TAKEN				0	0	0		TAKEN
Vermarrick	vermarrick.com	pro_invented_long	v1	AVAILABLE	11.08	11.08	no	0	0	0		CLEAR
Vermont	vermont.com	pro_invented_short	v1									UNKNOWN
Vernath	vernath.com	pro_invented_short	v1	AVAILABLE	11.08	11.08	no	0	0	0		CLEAR
Verond	verond.com	pro_invented_short	v1	AVAILABLE	11.08	11.08	no	0	0	0		CLEAR
Verprime	verprime.com	tech_general	v4									UNKNOWN
Vespor	vespor.com	enterprise_invented	v2									UNKNOWN
Vetrix	vetrix.com	tech_general	v5									UNKNOWN
Vexa	vexa.com	tech_short	v3									UNKNOWN
Vexora	vexora.com	tech_short	v3									UNKNOWN
Vidanti	vidanti.com	tech_modern	v3									UNKNOWN
Vinrose	vinrose.com	enterprise_invented	v2									UNKNOWN
Vivanta	vivanta.com	enterprise_invented	v2									UNKNOWN
Vivara	vivara.com	enterprise_invented	v2									UNKNOWN
Volnareth	volnareth.com	tech_general	v4									UNKNOWN
Vorant	vorant.com	tech_modern	v3									UNKNOWN
Vorel	vorel.com	modern_abstract	v1									UNKNOWN
Vorenrik	vorenrik.com	tech_general	v5									UNKNOWN
Vorenta	vorenta.com	modern_abstract	v1									UNKNOWN
Vorindel	vorindel.com	tech_general	v4									UNKNOWN
Vornara	vornara.com	tech_general	v4									UNKNOWN
Vornelta	vornelta.com	tech_general	v4									UNKNOWN
Vortexa	vortexa.com	tech_mid	v3									UNKNOWN
Vrendar	vrendar.com	tech_general	v5									UNKNOWN
Vrexa	vrexa.com	enterprise_invented	v2									UNKNOWN
Vrovendel	vrovendel.com	tech_general	v5									UNKNOWN
Vulcanforge	vulcanforge.com	greek_roman_chad	v2									UNKNOWN
Vulcanworks	vulcanworks.com	greek_roman_chad	v2									UNKNOWN
Vurent	vurent.com	modern_abstract	v1									UNKNOWN
Wellfield	wellfield.com	two_word_pro	v1									UNKNOWN
Wellpath	wellpath.com	two_word_pro	v1									UNKNOWN
Welvarith	welvarith.com	tech_general	v5									UNKNOWN
Welvarum	welvarum.com	tech_general	v5									UNKNOWN
Welvor	welvor.com	tech_general	v5									UNKNOWN
Wendraris	wendraris.com	latin_long	v6	AVAILABLE	11.08	11.08	no	0	0	0		CLEAR
Wenivok	wenivok.com	tech_general	v4									UNKNOWN
Westgrove	westgrove.com	two_word	v6	TAKEN				1	0	1	Westgrove Design Ltd. (Active)	TAKEN
Wolfclad	wolfclad.com	moggy_sigma	v2									UNKNOWN
Wolfgrid	wolfgrid.com	moggy_sigma	v2									UNKNOWN
Wolfridge	wolfridge.com	moggy_sigma	v2									UNKNOWN
Wolfsavage	wolfsavage.com	moggy_sigma	v2	AVAILABLE	11.08	11.08	no	0	0	0		CLEAR
Wolfthrust	wolfthrust.com	moggy_sigma	v2	AVAILABLE	11.08	11.08	no	0	0	0		CLEAR
Wrovendel	wrovendel.com	tech_general	v5									UNKNOWN
Xenardel	xenardel.com	tech_general	v5									UNKNOWN
Xenarith	xenarith.com	tech_general	v4									UNKNOWN
Xervanth	xervanth.com	latin_long	v6	AVAILABLE	11.08	11.08	no	0	0	0		CLEAR
Yandrik	yandrik.com	tech_general	v5									UNKNOWN
Yorvenix	yorvenix.com	latin_long	v6	TAKEN				0	0	0		TAKEN
Yrovendel	yrovendel.com	tech_general	v5									UNKNOWN
Yvenarist	yvenarist.com	tech_general	v5									UNKNOWN
Yvenor	yvenor.com	tech_general	v5									UNKNOWN
Yvenova	yvenova.com	tech_general	v4									UNKNOWN
Yvenvor	yvenvor.com	tech_general	v5									UNKNOWN
Yvora	yvora.com	tech_general	v4									UNKNOWN
Yvorant	yvorant.com	tech_general	v4									UNKNOWN
Zelandros	zelandros.com	tech_general	v5									UNKNOWN
Zelendar	zelendar.com	tech_general	v5									UNKNOWN
Zelvarith	zelvarith.com	tech_general	v4									UNKNOWN
Zerendrik	zerendrik.com	tech_general	v5									UNKNOWN
Zerivor	zerivor.com	tech_general	v5									UNKNOWN
Zordara	zordara.com	tech_general	v4									UNKNOWN
Zordwell	zordwell.com	tech_general	v4									UNKNOWN
Zrovendel	zrovendel.com	tech_general	v5									UNKNOWN
