style	name	domain	whois_com	length
pron4	Fale	fale.com	TAKEN	4
pron4	Kefy	kefy.com	TAKEN	4
pron4	Zasa	zasa.com	TAKEN	4
pron4	Baje	baje.com	TAKEN	4
pron4	Wubu	wubu.com	TAKEN	4
pron4	Juse	juse.com	TAKEN	4
pron4	Tula	tula.com	TAKEN	4
pron4	Honi	honi.com	TAKEN	4
pron4	Gena	gena.com	TAKEN	4
pron4	Dofi	dofi.com	TAKEN	4
pron4	Pula	pula.com	TAKEN	4
pron4	Tufo	tufo.com	TAKEN	4
pron4	Dumy	dumy.com	TAKEN	4
pron4	Pujy	pujy.com	TAKEN	4
pron4	Daki	daki.com	TAKEN	4
pron4	Defo	defo.com	TAKEN	4
pron4	Lope	lope.com	TAKEN	4
pron4	Pijy	pijy.com	TAKEN	4
pron4	Lahu	lahu.com	TAKEN	4
pron4	Keto	keto.com	TAKEN	4
pron4	Luky	luky.com	TAKEN	4
pron4	Naka	naka.com	TAKEN	4
pron4	Nola	nola.com	TAKEN	4
pron4	June	june.com	TAKEN	4
pron4	Vote	vote.com	TAKEN	4
pron4	Leky	leky.com	TAKEN	4
pron4	Zuly	zuly.com	TAKEN	4
pron4	Suri	suri.com	TAKEN	4
pron4	Kewo	kewo.com	TAKEN	4
pron4	Dafe	dafe.com	TAKEN	4
pron4	Hodo	hodo.com	TAKEN	4
pron4	Rutu	rutu.com	TAKEN	4
pron4	Luby	luby.com	TAKEN	4
pron4	Fuly	fuly.com	TAKEN	4
pron4	Namo	namo.com	TAKEN	4
pron4	Hoby	hoby.com	TAKEN	4
pron4	Luhu	luhu.com	TAKEN	4
pron4	Fiwu	fiwu.com	TAKEN	4
pron4	Jepe	jepe.com	TAKEN	4
pron4	Zubu	zubu.com	TAKEN	4
pron4	Noba	noba.com	TAKEN	4
pron4	Pika	pika.com	TAKEN	4
pron4	Kuda	kuda.com	TAKEN	4
pron4	Vaze	vaze.com	TAKEN	4
pron4	Goze	goze.com	TAKEN	4
pron4	Luse	luse.com	TAKEN	4
pron4	Zemo	zemo.com	TAKEN	4
pron4	Powo	powo.com	TAKEN	4
pron4	Feka	feka.com	TAKEN	4
pron4	Naze	naze.com	TAKEN	4
pron4	Kady	kady.com	TAKEN	4
pron4	Ceda	ceda.com	TAKEN	4
pron4	Nawe	nawe.com	TAKEN	4
pron4	Loju	loju.com	TAKEN	4
pron4	Guve	guve.com	TAKEN	4
pron4	Voja	voja.com	TAKEN	4
pron4	Fopo	fopo.com	TAKEN	4
pron4	Socy	socy.com	TAKEN	4
pron4	Fary	fary.com	TAKEN	4
pron4	Nake	nake.com	TAKEN	4
pron4	Jute	jute.com	TAKEN	4
pron4	Selo	selo.com	TAKEN	4
pron4	Katu	katu.com	TAKEN	4
pron4	Faza	faza.com	TAKEN	4
pron4	Deho	deho.com	TAKEN	4
pron4	Vojo	vojo.com	TAKEN	4
pron4	Cera	cera.com	TAKEN	4
rand4	Zgul	zgul.com	TAKEN	4
rand4	Kyzo	kyzo.com	TAKEN	4
rand4	Sehz	sehz.com	TAKEN	4
rand4	Potb	potb.com	TAKEN	4
rand4	Pnwe	pnwe.com	TAKEN	4
rand4	Ycep	ycep.com	TAKEN	4
rand4	Hitb	hitb.com	TAKEN	4
rand4	Wjev	wjev.com	TAKEN	4
rand4	Avhr	avhr.com	TAKEN	4
rand4	Ohps	ohps.com	TAKEN	4
rand4	Hauq	hauq.com	TAKEN	4
rand4	Gtol	gtol.com	TAKEN	4
rand4	Abwx	abwx.com	TAKEN	4
rand4	Ovpd	ovpd.com	TAKEN	4
rand4	Dixu	dixu.com	TAKEN	4
rand4	Cuwk	cuwk.com	TAKEN	4
rand4	Qeyw	qeyw.com	TAKEN	4
rand4	Zvwa	zvwa.com	TAKEN	4
rand4	Tiyu	tiyu.com	TAKEN	4
rand4	Wvgu	wvgu.com	TAKEN	4
rand4	Vlhu	vlhu.com	TAKEN	4
rand4	Fafi	fafi.com	TAKEN	4
rand4	Czez	czez.com	TAKEN	4
rand4	Ipnk	ipnk.com	TAKEN	4
rand4	Ogsa	ogsa.com	TAKEN	4
rand4	Iiws	iiws.com	TAKEN	4
rand4	Hikk	hikk.com	TAKEN	4
rand4	Oahl	oahl.com	TAKEN	4
rand4	Fmxu	fmxu.com	TAKEN	4
rand4	Ecnq	ecnq.com	TAKEN	4
rand4	Ivtr	ivtr.com	TAKEN	4
rand4	Ffag	ffag.com	TAKEN	4
rand4	Grat	grat.com	TAKEN	4
rand4	Ucle	ucle.com	TAKEN	4
rand4	Wlur	wlur.com	TAKEN	4
rand4	Oxtm	oxtm.com	TAKEN	4
rand4	Hhio	hhio.com	TAKEN	4
rand4	Bkok	bkok.com	TAKEN	4
rand4	Ajtw	ajtw.com	TAKEN	4
rand4	Ykto	ykto.com	TAKEN	4
rand4	Airk	airk.com	TAKEN	4
rand4	Emdq	emdq.com	TAKEN	4
rand4	Akoa	akoa.com	TAKEN	4
rand4	Jfit	jfit.com	TAKEN	4
rand4	Caoz	caoz.com	TAKEN	4
rand4	Jquq	jquq.com	TAKEN	4
rand4	Tyfa	tyfa.com	TAKEN	4
rand4	Ddro	ddro.com	TAKEN	4
rand4	Fste	fste.com	TAKEN	4
rand4	Zcai	zcai.com	TAKEN	4
rand4	Uwpd	uwpd.com	TAKEN	4
rand4	Zujl	zujl.com	TAKEN	4
rand4	Jniw	jniw.com	TAKEN	4
rand4	Awef	awef.com	TAKEN	4
rand4	Uiws	uiws.com	TAKEN	4
rand4	Hayc	hayc.com	TAKEN	4
rand4	Qmuc	qmuc.com	TAKEN	4
rand4	Ishg	ishg.com	TAKEN	4
rand4	Tefm	tefm.com	TAKEN	4
rand4	Cffe	cffe.com	TAKEN	4
rand4	Anhz	anhz.com	TAKEN	4
rand4	Osdw	osdw.com	TAKEN	4
rand4	Mwom	mwom.com	TAKEN	4
rand4	Leby	leby.com	TAKEN	4
rand4	Qbdo	qbdo.com	TAKEN	4
rand4	Pufn	pufn.com	TAKEN	4
rand4	Eeba	eeba.com	TAKEN	4
root4	Reul	reul.com	TAKEN	4
root4	Oben	oben.com	TAKEN	4
root4	Vyos	vyos.com	TAKEN	4
root4	Vool	vool.com	TAKEN	4
root4	Axar	axar.com	TAKEN	4
root4	Noyn	noyn.com	TAKEN	4
root4	Raix	raix.com	TAKEN	4
root4	Soar	soar.com	TAKEN	4
root4	Vaor	vaor.com	TAKEN	4
root4	Nyor	nyor.com	TAKEN	4
root4	Axer	axer.com	TAKEN	4
root4	Kays	kays.com	TAKEN	4
root4	Tios	tios.com	TAKEN	4
root4	Reix	reix.com	TAKEN	4
root4	Riys	riys.com	TAKEN	4
root4	Voad	voad.com	TAKEN	4
root4	Nyik	nyik.com	TAKEN	4
root4	Soek	soek.com	TAKEN	4
root4	Reil	reil.com	TAKEN	4
root4	Tien	tien.com	TAKEN	4
root4	Raan	raan.com	TAKEN	4
root4	Ties	ties.com	TAKEN	4
root4	Aril	aril.com	TAKEN	4
root4	Xyis	xyis.com	TAKEN	4
root4	Taen	taen.com	TAKEN	4
root4	Xyus	xyus.com	TAKEN	4
root4	Rook	rook.com	TAKEN	4
root4	Vaal	vaal.com	TAKEN	4
root4	Nyus	nyus.com	TAKEN	4
root4	Teud	teud.com	TAKEN	4
root4	Tyek	tyek.com	TAKEN	4
root4	Elul	elul.com	TAKEN	4
root4	Peed	peed.com	TAKEN	4
root4	Paan	paan.com	TAKEN	4
root4	Vein	vein.com	TAKEN	4
root4	Kaom	kaom.com	TAKEN	4
root4	Quek	quek.com	TAKEN	4
root4	Obad	obad.com	TAKEN	4
root4	Xyen	xyen.com	TAKEN	4
root4	Riil	riil.com	TAKEN	4
root4	Ores	ores.com	TAKEN	4
root4	Orix	orix.com	TAKEN	4
root4	Yaad	yaad.com	TAKEN	4
root4	Seax	seax.com	TAKEN	4
root4	Veuk	veuk.com	TAKEN	4
root4	Ried	ried.com	TAKEN	4
root4	Axyn	axyn.com	TAKEN	4
root4	Siid	siid.com	TAKEN	4
root4	Toek	toek.com	TAKEN	4
root4	Tyal	tyal.com	TAKEN	4
root4	Xyer	xyer.com	TAKEN	4
root4	Luis	luis.com	TAKEN	4
root4	Syon	syon.com	TAKEN	4
root4	Obal	obal.com	TAKEN	4
root4	Voek	voek.com	TAKEN	4
root4	Exel	exel.com	TAKEN	4
root4	Tyas	tyas.com	TAKEN	4
root4	Vyox	vyox.com	TAKEN	4
root4	Odax	odax.com	TAKEN	4
root4	Syed	syed.com	TAKEN	4
root4	Elar	elar.com	TAKEN	4
root4	Exol	exol.com	TAKEN	4
root4	Exor	exor.com	TAKEN	4
root4	Saos	saos.com	TAKEN	4
root4	Seis	seis.com	TAKEN	4
root4	Quul	quul.com	TAKEN	4
pron5	Vetug	vetug.com	AVAILABLE	5
pron5	Rewed	rewed.com	TAKEN	5
pron5	Lonun	lonun.com	TAKEN	5
pron5	Bimuz	bimuz.com	TAKEN	5
pron5	Gozos	gozos.com	TAKEN	5
pron5	Nuzox	nuzox.com	TAKEN	5
pron5	Nekut	nekut.com	TAKEN	5
pron5	Kociz	kociz.com	AVAILABLE	5
pron5	Rogoc	rogoc.com	TAKEN	5
pron5	Gunax	gunax.com	TAKEN	5
pron5	Futag	futag.com	TAKEN	5
pron5	Sedon	sedon.com	TAKEN	5
pron5	Nurar	nurar.com	TAKEN	5
pron5	Zonoc	zonoc.com	TAKEN	5
pron5	Demed	demed.com	TAKEN	5
pron5	Safok	safok.com	TAKEN	5
pron5	Macic	macic.com	TAKEN	5
pron5	Mipog	mipog.com	TAKEN	5
pron5	Kusuk	kusuk.com	TAKEN	5
pron5	Hedut	hedut.com	TAKEN	5
pron5	Kogex	kogex.com	TAKEN	5
pron5	Lolax	lolax.com	TAKEN	5
pron5	Muhax	muhax.com	TAKEN	5
pron5	Pumon	pumon.com	TAKEN	5
pron5	Tijoz	tijoz.com	AVAILABLE	5
pron5	Ferus	ferus.com	TAKEN	5
pron5	Mibon	mibon.com	TAKEN	5
pron5	Bucuz	bucuz.com	AVAILABLE	5
pron5	Mepel	mepel.com	TAKEN	5
pron5	Lefap	lefap.com	TAKEN	5
pron5	Taped	taped.com	TAKEN	5
pron5	Misel	misel.com	TAKEN	5
pron5	Gupun	gupun.com	TAKEN	5
pron5	Hivir	hivir.com	TAKEN	5
pron5	Fodem	fodem.com	TAKEN	5
pron5	Rupat	rupat.com	TAKEN	5
pron5	Bizax	bizax.com	TAKEN	5
pron5	Pirif	pirif.com	TAKEN	5
pron5	Kobur	kobur.com	TAKEN	5
pron5	Kativ	kativ.com	TAKEN	5
pron5	Fecap	fecap.com	TAKEN	5
pron5	Vafeg	vafeg.com	TAKEN	5
pron5	Ropuv	ropuv.com	AVAILABLE	5
pron5	Gofov	gofov.com	AVAILABLE	5
pron5	Lapex	lapex.com	TAKEN	5
pron5	Tepas	tepas.com	TAKEN	5
pron5	Zicon	zicon.com	TAKEN	5
pron5	Jatal	jatal.com	TAKEN	5
pron5	Baneg	baneg.com	TAKEN	5
pron5	Jazel	jazel.com	TAKEN	5
pron5	Kigub	kigub.com	TAKEN	5
pron5	Legun	legun.com	TAKEN	5
pron5	Habeb	habeb.com	TAKEN	5
pron5	Penak	penak.com	TAKEN	5
pron5	Lagof	lagof.com	TAKEN	5
pron5	Dotif	dotif.com	TAKEN	5
pron5	Tukuc	tukuc.com	TAKEN	5
pron5	Witac	witac.com	TAKEN	5
pron5	Vosaz	vosaz.com	TAKEN	5
pron5	Tadig	tadig.com	TAKEN	5
pron5	Delur	delur.com	TAKEN	5
pron5	Ruwix	ruwix.com	TAKEN	5
pron5	Wusaf	wusaf.com	AVAILABLE	5
pron5	Zesom	zesom.com	TAKEN	5
pron5	Sitov	sitov.com	TAKEN	5
pron5	Fisin	fisin.com	TAKEN	5
pron5	Pevad	pevad.com	TAKEN	5
pron5	Dasas	dasas.com	TAKEN	5
pron5	Gucur	gucur.com	TAKEN	5
pron5	Fopoc	fopoc.com	TAKEN	5
pron5	Mumif	mumif.com	AVAILABLE	5
pron5	Wegom	wegom.com	TAKEN	5
pron5	Fizif	fizif.com	TAKEN	5
pron5	Lukob	lukob.com	TAKEN	5
pron5	Lahip	lahip.com	TAKEN	5
pron5	Nibeg	nibeg.com	TAKEN	5
pron5	Ragad	ragad.com	TAKEN	5
pron5	Werox	werox.com	TAKEN	5
pron5	Nepir	nepir.com	TAKEN	5
pron5	Dagec	dagec.com	TAKEN	5
pron5	Ditoz	ditoz.com	TAKEN	5
pron5	Tolef	tolef.com	TAKEN	5
pron5	Pofiz	pofiz.com	AVAILABLE	5
pron5	Wicet	wicet.com	TAKEN	5
pron5	Cajil	cajil.com	TAKEN	5
pron5	Gimif	gimif.com	TAKEN	5
pron5	Boseg	boseg.com	TAKEN	5
pron5	Rukus	rukus.com	TAKEN	5
pron5	Docob	docob.com	TAKEN	5
pron5	Tanuv	tanuv.com	TAKEN	5
pron5	Romat	romat.com	TAKEN	5
pron5	Bihux	bihux.com	TAKEN	5
pron5	Pasam	pasam.com	TAKEN	5
pron5	Surud	surud.com	TAKEN	5
pron5	Riner	riner.com	TAKEN	5
pron5	Hawal	hawal.com	TAKEN	5
pron5	Pigef	pigef.com	AVAILABLE	5
pron5	Gijeg	gijeg.com	AVAILABLE	5
pron5	Devox	devox.com	TAKEN	5
pron5	Nigod	nigod.com	TAKEN	5
pron5	Vomic	vomic.com	TAKEN	5
pron5	Pudix	pudix.com	TAKEN	5
pron5	Tacip	tacip.com	TAKEN	5
pron5	Dawox	dawox.com	TAKEN	5
pron5	Zatul	zatul.com	TAKEN	5
pron5	Nuvug	nuvug.com	TAKEN	5
pron5	Cofid	cofid.com	TAKEN	5
pron5	Wecex	wecex.com	TAKEN	5
pron5	Tuwuk	tuwuk.com	AVAILABLE	5
pron5	Pimov	pimov.com	TAKEN	5
pron5	Nucid	nucid.com	TAKEN	5
pron5	Nazop	nazop.com	TAKEN	5
pron5	Lugid	lugid.com	TAKEN	5
pron5	Gimog	gimog.com	TAKEN	5
pron5	Dizor	dizor.com	TAKEN	5
pron5	Gudos	gudos.com	TAKEN	5
pron5	Bimel	bimel.com	TAKEN	5
pron5	Nojeg	nojeg.com	AVAILABLE	5
pron5	Gamac	gamac.com	TAKEN	5
pron5	Nugut	nugut.com	TAKEN	5
pron5	Gehuk	gehuk.com	AVAILABLE	5
pron5	Tasim	tasim.com	TAKEN	5
pron5	Tumom	tumom.com	TAKEN	5
pron5	Zemol	zemol.com	TAKEN	5
pron5	Putop	putop.com	TAKEN	5
pron5	Ruwok	ruwok.com	AVAILABLE	5
pron5	Jugic	jugic.com	AVAILABLE	5
pron5	Vizaf	vizaf.com	TAKEN	5
pron5	Mahix	mahix.com	TAKEN	5
pron5	Wesam	wesam.com	TAKEN	5
pron5	Tiboc	tiboc.com	TAKEN	5
pron5	Rupet	rupet.com	TAKEN	5
pron5	Dikar	dikar.com	TAKEN	5
pron5	Figec	figec.com	TAKEN	5
pron5	Mogox	mogox.com	TAKEN	5
pron5	Babil	babil.com	TAKEN	5
pron5	Guwof	guwof.com	AVAILABLE	5
pron5	Memac	memac.com	TAKEN	5
pron5	Kotaf	kotaf.com	TAKEN	5
pron5	Vuzam	vuzam.com	TAKEN	5
pron5	Gisas	gisas.com	TAKEN	5
pron5	Kused	kused.com	TAKEN	5
pron5	Widub	widub.com	AVAILABLE	5
pron5	Rocos	rocos.com	TAKEN	5
pron5	Lapas	lapas.com	TAKEN	5
pron5	Kanec	kanec.com	TAKEN	5
pron5	Punex	punex.com	TAKEN	5
pron5	Vegax	vegax.com	TAKEN	5
pron5	Cijal	cijal.com	TAKEN	5
pron5	Cimut	cimut.com	TAKEN	5
pron5	Zolal	zolal.com	TAKEN	5
pron5	Micin	micin.com	TAKEN	5
pron5	Fisox	fisox.com	TAKEN	5
pron5	Rihoz	rihoz.com	TAKEN	5
pron5	Pulav	pulav.com	TAKEN	5
pron5	Dohup	dohup.com	TAKEN	5
pron5	Nadip	nadip.com	TAKEN	5
pron5	Mosex	mosex.com	TAKEN	5
pron5	Pociv	pociv.com	TAKEN	5
pron5	Lados	lados.com	TAKEN	5
pron5	Webex	webex.com	TAKEN	5
pron5	Cedes	cedes.com	TAKEN	5
pron5	Pocug	pocug.com	AVAILABLE	5
pron5	Tipod	tipod.com	TAKEN	5
pron5	Gupor	gupor.com	TAKEN	5
pron5	Lefak	lefak.com	TAKEN	5
pron5	Vuruf	vuruf.com	AVAILABLE	5
pron5	Litep	litep.com	TAKEN	5
pron5	Vefed	vefed.com	TAKEN	5
pron5	Tetar	tetar.com	TAKEN	5
pron5	Pazup	pazup.com	TAKEN	5
pron5	Mehim	mehim.com	TAKEN	5
pron5	Fegez	fegez.com	AVAILABLE	5
pron5	Bizus	bizus.com	TAKEN	5
pron5	Tugud	tugud.com	TAKEN	5
pron5	Dirov	dirov.com	TAKEN	5
pron5	Suder	suder.com	TAKEN	5
pron5	Dotus	dotus.com	TAKEN	5
pron5	Guhev	guhev.com	AVAILABLE	5
pron5	Wafug	wafug.com	TAKEN	5
pron5	Puman	puman.com	TAKEN	5
pron5	Julep	julep.com	TAKEN	5
pron5	Zaweg	zaweg.com	AVAILABLE	5
pron5	Hunuc	hunuc.com	TAKEN	5
pron5	Bacun	bacun.com	TAKEN	5
pron5	Jusub	jusub.com	TAKEN	5
pron5	Vumiz	vumiz.com	TAKEN	5
pron5	Komod	komod.com	TAKEN	5
pron5	Cetoz	cetoz.com	TAKEN	5
pron5	Tenug	tenug.com	AVAILABLE	5
pron5	Nipog	nipog.com	AVAILABLE	5
pron5	Puzar	puzar.com	TAKEN	5
pron5	Kofix	kofix.com	TAKEN	5
pron5	Kefap	kefap.com	AVAILABLE	5
pron5	Rusek	rusek.com	TAKEN	5
pron5	Nunek	nunek.com	TAKEN	5
pron5	Vutop	vutop.com	TAKEN	5
pron5	Vadox	vadox.com	TAKEN	5
pron5	Kepac	kepac.com	TAKEN	5
pron5	Movib	movib.com	TAKEN	5
pron5	Fogis	fogis.com	TAKEN	5
pron5	Ricoc	ricoc.com	TAKEN	5
pron5	Zepup	zepup.com	TAKEN	5
pron5	Dowon	dowon.com	TAKEN	5
pron5	Fefos	fefos.com	TAKEN	5
pron5	Nupel	nupel.com	TAKEN	5
pron5	Wowac	wowac.com	TAKEN	5
pron5	Cenox	cenox.com	TAKEN	5
pron5	Guwer	guwer.com	TAKEN	5
pron5	Nerup	nerup.com	TAKEN	5
pron5	Nuwuz	nuwuz.com	AVAILABLE	5
pron5	Mobir	mobir.com	TAKEN	5
pron5	Fomaz	fomaz.com	TAKEN	5
pron5	Lukaz	lukaz.com	TAKEN	5
pron5	Hurem	hurem.com	TAKEN	5
pron5	Cufeb	cufeb.com	AVAILABLE	5
pron5	Tisev	tisev.com	TAKEN	5
pron5	Jowuz	jowuz.com	AVAILABLE	5
pron5	Cewer	cewer.com	TAKEN	5
pron5	Vurik	vurik.com	TAKEN	5
pron5	Tunus	tunus.com	TAKEN	5
pron5	Luvem	luvem.com	TAKEN	5
pron5	Lumep	lumep.com	TAKEN	5
pron5	Meviz	meviz.com	TAKEN	5
pron5	Pulif	pulif.com	TAKEN	5
pron5	Zorig	zorig.com	TAKEN	5
pron5	Mamas	mamas.com	TAKEN	5
pron5	Tivel	tivel.com	TAKEN	5
pron5	Zizig	zizig.com	TAKEN	5
pron5	Fukec	fukec.com	TAKEN	5
pron5	Wekaf	wekaf.com	TAKEN	5
pron5	Sivag	sivag.com	TAKEN	5
pron5	Buhoz	buhoz.com	TAKEN	5
pron5	Vemip	vemip.com	TAKEN	5
pron5	Cakuc	cakuc.com	AVAILABLE	5
pron5	Hohat	hohat.com	TAKEN	5
pron5	Vemab	vemab.com	TAKEN	5
pron5	Mufip	mufip.com	AVAILABLE	5
pron5	Tuwog	tuwog.com	AVAILABLE	5
pron5	Wolef	wolef.com	TAKEN	5
pron5	Netik	netik.com	TAKEN	5
pron5	Bimul	bimul.com	TAKEN	5
pron5	Huror	huror.com	TAKEN	5
pron5	Dofeg	dofeg.com	AVAILABLE	5
pron5	Vikan	vikan.com	TAKEN	5
pron5	Retir	retir.com	TAKEN	5
pron5	Mubis	mubis.com	TAKEN	5
pron5	Kafop	kafop.com	AVAILABLE	5
pron5	Howif	howif.com	TAKEN	5
pron5	Mikeg	mikeg.com	TAKEN	5
pron5	Vetus	vetus.com	TAKEN	5
pron5	Suvul	suvul.com	TAKEN	5
pron5	Kudux	kudux.com	TAKEN	5
pron5	Widuf	widuf.com	AVAILABLE	5
pron5	Cuweg	cuweg.com	AVAILABLE	5
pron5	Hiwof	hiwof.com	AVAILABLE	5
pron5	Juvax	juvax.com	TAKEN	5
pron5	Coguv	coguv.com	TAKEN	5
pron5	Tucux	tucux.com	TAKEN	5
pron5	Marib	marib.com	TAKEN	5
pron5	Judav	judav.com	TAKEN	5
pron5	Pazad	pazad.com	TAKEN	5
pron5	Vamok	vamok.com	TAKEN	5
pron5	Gopox	gopox.com	TAKEN	5
pron5	Rodug	rodug.com	AVAILABLE	5
pron5	Pahut	pahut.com	TAKEN	5
pron5	Wekab	wekab.com	TAKEN	5
rand5	Fleew	fleew.com	TAKEN	5
rand5	Tarpy	tarpy.com	TAKEN	5
rand5	Otudz	otudz.com	AVAILABLE	5
rand5	Gxopu	gxopu.com	AVAILABLE	5
rand5	Khopt	khopt.com	AVAILABLE	5
rand5	Erobi	erobi.com	TAKEN	5
rand5	Hengf	hengf.com	TAKEN	5
rand5	Knkgi	knkgi.com	AVAILABLE	5
rand5	Uprff	uprff.com	AVAILABLE	5
rand5	Xhxfe	xhxfe.com	AVAILABLE	5
rand5	Skgih	skgih.com	TAKEN	5
rand5	Mqijw	mqijw.com	AVAILABLE	5
rand5	Musti	musti.com	TAKEN	5
rand5	Fibwt	fibwt.com	AVAILABLE	5
rand5	Aopsh	aopsh.com	AVAILABLE	5
rand5	Ffogo	ffogo.com	AVAILABLE	5
rand5	Yitms	yitms.com	TAKEN	5
rand5	Oexzy	oexzy.com	AVAILABLE	5
rand5	Adqbd	adqbd.com	AVAILABLE	5
rand5	Xrank	xrank.com	TAKEN	5
rand5	Asnhn	asnhn.com	AVAILABLE	5
rand5	Slyex	slyex.com	TAKEN	5
rand5	Ucylg	ucylg.com	AVAILABLE	5
rand5	Qakjm	qakjm.com	AVAILABLE	5
rand5	Izzxx	izzxx.com	TAKEN	5
rand5	Fxroh	fxroh.com	AVAILABLE	5
rand5	Yrhor	yrhor.com	AVAILABLE	5
rand5	Ewafd	ewafd.com	AVAILABLE	5
rand5	Vvyho	vvyho.com	AVAILABLE	5
rand5	Owroj	owroj.com	TAKEN	5
rand5	Turct	turct.com	TAKEN	5
rand5	Icgbp	icgbp.com	AVAILABLE	5
rand5	Ppziq	ppziq.com	AVAILABLE	5
rand5	Ulfoj	ulfoj.com	AVAILABLE	5
rand5	Epjuh	epjuh.com	AVAILABLE	5
rand5	Gbgju	gbgju.com	AVAILABLE	5
rand5	Ekjcy	ekjcy.com	AVAILABLE	5
rand5	Oncco	oncco.com	TAKEN	5
rand5	Puwak	puwak.com	AVAILABLE	5
rand5	Usozg	usozg.com	AVAILABLE	5
rand5	Nregg	nregg.com	TAKEN	5
rand5	Dehhu	dehhu.com	AVAILABLE	5
rand5	Ldakv	ldakv.com	AVAILABLE	5
rand5	Mekit	mekit.com	TAKEN	5
rand5	Qzuih	qzuih.com	AVAILABLE	5
rand5	Ujyfz	ujyfz.com	AVAILABLE	5
rand5	Etasy	etasy.com	TAKEN	5
rand5	Fuvbw	fuvbw.com	AVAILABLE	5
rand5	Urdhg	urdhg.com	AVAILABLE	5
rand5	Eljlp	eljlp.com	AVAILABLE	5
rand5	Azsvp	azsvp.com	AVAILABLE	5
rand5	Xcgre	xcgre.com	AVAILABLE	5
rand5	Poqqz	poqqz.com	AVAILABLE	5
rand5	Iuccf	iuccf.com	AVAILABLE	5
rand5	Torfj	torfj.com	AVAILABLE	5
rand5	Sjiun	sjiun.com	TAKEN	5
rand5	Bsaic	bsaic.com	AVAILABLE	5
rand5	Uytno	uytno.com	TAKEN	5
rand5	Ilmuq	ilmuq.com	TAKEN	5
rand5	Erktw	erktw.com	AVAILABLE	5
rand5	Llafh	llafh.com	AVAILABLE	5
rand5	Supun	supun.com	TAKEN	5
rand5	Zikkc	zikkc.com	AVAILABLE	5
rand5	Jleru	jleru.com	AVAILABLE	5
rand5	Xprig	xprig.com	TAKEN	5
rand5	Okmnx	okmnx.com	TAKEN	5
rand5	Yeehe	yeehe.com	TAKEN	5
rand5	Fjoqk	fjoqk.com	AVAILABLE	5
rand5	Msleo	msleo.com	TAKEN	5
rand5	Ufafh	ufafh.com	AVAILABLE	5
rand5	Uoumn	uoumn.com	AVAILABLE	5
rand5	Ogozo	ogozo.com	TAKEN	5
rand5	Tqgwa	tqgwa.com	AVAILABLE	5
rand5	Plquv	plquv.com	AVAILABLE	5
rand5	Uonpe	uonpe.com	AVAILABLE	5
rand5	Zhoyn	zhoyn.com	TAKEN	5
rand5	Digvk	digvk.com	AVAILABLE	5
rand5	Utkts	utkts.com	AVAILABLE	5
rand5	Wukzv	wukzv.com	AVAILABLE	5
rand5	Mihod	mihod.com	TAKEN	5
rand5	Wuxtb	wuxtb.com	AVAILABLE	5
rand5	Qvaye	qvaye.com	AVAILABLE	5
rand5	Laidw	laidw.com	AVAILABLE	5
rand5	Smfcu	smfcu.com	TAKEN	5
rand5	Wqrbo	wqrbo.com	AVAILABLE	5
rand5	Pejft	pejft.com	AVAILABLE	5
rand5	Ugqgp	ugqgp.com	AVAILABLE	5
rand5	Shyaw	shyaw.com	TAKEN	5
rand5	Wfpek	wfpek.com	AVAILABLE	5
rand5	Quugk	quugk.com	AVAILABLE	5
rand5	Gqbxa	gqbxa.com	AVAILABLE	5
rand5	Jikvk	jikvk.com	AVAILABLE	5
rand5	Oemzb	oemzb.com	AVAILABLE	5
rand5	Pafxy	pafxy.com	AVAILABLE	5
rand5	Cxzei	cxzei.com	AVAILABLE	5
rand5	Ptqqi	ptqqi.com	AVAILABLE	5
rand5	Eadam	eadam.com	TAKEN	5
rand5	Ilngz	ilngz.com	AVAILABLE	5
rand5	Eeuxr	eeuxr.com	AVAILABLE	5
rand5	Ctawa	ctawa.com	TAKEN	5
rand5	Bjxey	bjxey.com	AVAILABLE	5
rand5	Ausrf	ausrf.com	AVAILABLE	5
rand5	Gxivo	gxivo.com	AVAILABLE	5
rand5	Bkwwu	bkwwu.com	AVAILABLE	5
rand5	Icljh	icljh.com	AVAILABLE	5
rand5	Utgjz	utgjz.com	TAKEN	5
rand5	Zutou	zutou.com	TAKEN	5
rand5	Dyaoq	dyaoq.com	AVAILABLE	5
rand5	Saitj	saitj.com	TAKEN	5
rand5	Wykvi	wykvi.com	AVAILABLE	5
rand5	Lgydu	lgydu.com	AVAILABLE	5
rand5	Cclid	cclid.com	TAKEN	5
rand5	Julmw	julmw.com	AVAILABLE	5
rand5	Cuhsp	cuhsp.com	AVAILABLE	5
rand5	Kbhve	kbhve.com	AVAILABLE	5
rand5	Ywooc	ywooc.com	AVAILABLE	5
rand5	Cudbu	cudbu.com	AVAILABLE	5
rand5	Ugzoa	ugzoa.com	AVAILABLE	5
rand5	Jsmui	jsmui.com	AVAILABLE	5
rand5	Oihap	oihap.com	AVAILABLE	5
rand5	Avhvm	avhvm.com	TAKEN	5
rand5	Jpgeg	jpgeg.com	AVAILABLE	5
rand5	Gnutt	gnutt.com	TAKEN	5
rand5	Yozky	yozky.com	AVAILABLE	5
rand5	Zegit	zegit.com	TAKEN	5
rand5	Jpsjo	jpsjo.com	TAKEN	5
rand5	Oeabp	oeabp.com	AVAILABLE	5
rand5	Amipu	amipu.com	AVAILABLE	5
rand5	Ieuwb	ieuwb.com	AVAILABLE	5
rand5	Iiztl	iiztl.com	AVAILABLE	5
rand5	Qmiso	qmiso.com	TAKEN	5
rand5	Jthea	jthea.com	TAKEN	5
rand5	Sowuo	sowuo.com	AVAILABLE	5
rand5	Eivpq	eivpq.com	AVAILABLE	5
rand5	Cmicj	cmicj.com	AVAILABLE	5
rand5	Iqzvr	iqzvr.com	AVAILABLE	5
rand5	Siafs	siafs.com	TAKEN	5
rand5	Jusbl	jusbl.com	AVAILABLE	5
rand5	Kekwj	kekwj.com	AVAILABLE	5
rand5	Jvupt	jvupt.com	AVAILABLE	5
rand5	Fluaa	fluaa.com	TAKEN	5
rand5	Gcixe	gcixe.com	AVAILABLE	5
rand5	Byziz	byziz.com	TAKEN	5
rand5	Lbizk	lbizk.com	AVAILABLE	5
rand5	Oyorh	oyorh.com	AVAILABLE	5
rand5	Ckomb	ckomb.com	TAKEN	5
rand5	Acvqm	acvqm.com	AVAILABLE	5
rand5	Dumxg	dumxg.com	AVAILABLE	5
rand5	Qkjje	qkjje.com	AVAILABLE	5
rand5	Blgvo	blgvo.com	AVAILABLE	5
rand5	Nzryo	nzryo.com	AVAILABLE	5
rand5	Ghkwa	ghkwa.com	AVAILABLE	5
rand5	Onozd	onozd.com	AVAILABLE	5
rand5	Ylyef	ylyef.com	AVAILABLE	5
rand5	Vdpis	vdpis.com	AVAILABLE	5
rand5	Ucoow	ucoow.com	AVAILABLE	5
rand5	Nxasp	nxasp.com	AVAILABLE	5
rand5	Ucdop	ucdop.com	AVAILABLE	5
rand5	Zccuu	zccuu.com	AVAILABLE	5
rand5	Omekq	omekq.com	AVAILABLE	5
rand5	Bmgji	bmgji.com	AVAILABLE	5
rand5	Uivwr	uivwr.com	AVAILABLE	5
rand5	Zfhtu	zfhtu.com	AVAILABLE	5
rand5	Ispcl	ispcl.com	TAKEN	5
rand5	Bubsk	bubsk.com	AVAILABLE	5
rand5	Unoew	unoew.com	AVAILABLE	5
rand5	Fbabj	fbabj.com	AVAILABLE	5
rand5	Moivg	moivg.com	TAKEN	5
rand5	Vcabw	vcabw.com	AVAILABLE	5
rand5	Mdeuf	mdeuf.com	AVAILABLE	5
rand5	Nqpaz	nqpaz.com	AVAILABLE	5
rand5	Zvoph	zvoph.com	AVAILABLE	5
rand5	Rmihi	rmihi.com	AVAILABLE	5
rand5	Hryqe	hryqe.com	AVAILABLE	5
rand5	Kidam	kidam.com	TAKEN	5
rand5	Zvisr	zvisr.com	AVAILABLE	5
rand5	Erohm	erohm.com	TAKEN	5
rand5	Tsoxy	tsoxy.com	AVAILABLE	5
rand5	Kwdzi	kwdzi.com	TAKEN	5
rand5	Ecizi	ecizi.com	TAKEN	5
rand5	Blfuo	blfuo.com	TAKEN	5
rand5	Euudl	euudl.com	AVAILABLE	5
rand5	Llman	llman.com	TAKEN	5
rand5	Aatfw	aatfw.com	AVAILABLE	5
rand5	Icnhb	icnhb.com	AVAILABLE	5
rand5	Texva	texva.com	TAKEN	5
rand5	Fzfan	fzfan.com	AVAILABLE	5
rand5	Dsujq	dsujq.com	AVAILABLE	5
rand5	Uqpbc	uqpbc.com	AVAILABLE	5
rand5	Gsfra	gsfra.com	TAKEN	5
rand5	Umpuv	umpuv.com	AVAILABLE	5
rand5	Zjkeo	zjkeo.com	AVAILABLE	5
rand5	Xrmga	xrmga.com	AVAILABLE	5
rand5	Ccomy	ccomy.com	AVAILABLE	5
rand5	Ubsxq	ubsxq.com	AVAILABLE	5
rand5	Dwxad	dwxad.com	AVAILABLE	5
rand5	Qixyg	qixyg.com	AVAILABLE	5
rand5	Tjick	tjick.com	AVAILABLE	5
rand5	Xedsz	xedsz.com	AVAILABLE	5
rand5	Vcxmo	vcxmo.com	AVAILABLE	5
rand5	Lpupw	lpupw.com	AVAILABLE	5
rand5	Xlbra	xlbra.com	TAKEN	5
rand5	Dvxpa	dvxpa.com	AVAILABLE	5
rand5	Ynmme	ynmme.com	AVAILABLE	5
rand5	Tiihn	tiihn.com	AVAILABLE	5
rand5	Ojvcl	ojvcl.com	AVAILABLE	5
rand5	Ocmiz	ocmiz.com	AVAILABLE	5
rand5	Takao	takao.com	TAKEN	5
rand5	Vuzqx	vuzqx.com	AVAILABLE	5
rand5	Orliv	orliv.com	TAKEN	5
rand5	Vvitp	vvitp.com	AVAILABLE	5
rand5	Ajquo	ajquo.com	AVAILABLE	5
rand5	Wfvei	wfvei.com	AVAILABLE	5
rand5	Atolp	atolp.com	TAKEN	5
rand5	Yuxre	yuxre.com	AVAILABLE	5
rand5	Vcrpi	vcrpi.com	AVAILABLE	5
rand5	Kihud	kihud.com	AVAILABLE	5
rand5	Pxnvo	pxnvo.com	AVAILABLE	5
rand5	Itoff	itoff.com	TAKEN	5
rand5	Zeoqs	zeoqs.com	AVAILABLE	5
rand5	Topys	topys.com	TAKEN	5
rand5	Acjbb	acjbb.com	TAKEN	5
rand5	Guzrd	guzrd.com	AVAILABLE	5
rand5	Bufoj	bufoj.com	AVAILABLE	5
rand5	Lqrof	lqrof.com	AVAILABLE	5
rand5	Qknus	qknus.com	AVAILABLE	5
rand5	Sbjku	sbjku.com	AVAILABLE	5
rand5	Gevam	gevam.com	TAKEN	5
rand5	Ybypu	ybypu.com	AVAILABLE	5
rand5	Qvhuo	qvhuo.com	AVAILABLE	5
rand5	Ueokj	ueokj.com	TAKEN	5
rand5	Wrihy	wrihy.com	AVAILABLE	5
rand5	Qmotq	qmotq.com	AVAILABLE	5
rand5	Cigqx	cigqx.com	AVAILABLE	5
rand5	Gbxju	gbxju.com	AVAILABLE	5
rand5	Cgsan	cgsan.com	TAKEN	5
rand5	Unnmh	unnmh.com	AVAILABLE	5
rand5	Qiccz	qiccz.com	AVAILABLE	5
rand5	Unqfq	unqfq.com	AVAILABLE	5
rand5	Rasab	rasab.com	TAKEN	5
rand5	Egbvx	egbvx.com	AVAILABLE	5
rand5	Klkik	klkik.com	AVAILABLE	5
rand5	Dasbt	dasbt.com	TAKEN	5
rand5	Vaeft	vaeft.com	AVAILABLE	5
rand5	Uwhqh	uwhqh.com	AVAILABLE	5
rand5	Awdbo	awdbo.com	AVAILABLE	5
rand5	Kocft	kocft.com	TAKEN	5
rand5	Eqgcr	eqgcr.com	TAKEN	5
rand5	Obtzo	obtzo.com	AVAILABLE	5
rand5	Hbfmi	hbfmi.com	AVAILABLE	5
rand5	Rsdov	rsdov.com	AVAILABLE	5
rand5	Yeius	yeius.com	AVAILABLE	5
rand5	Qhjri	qhjri.com	AVAILABLE	5
rand5	Mlumc	mlumc.com	TAKEN	5
rand5	Fagxo	fagxo.com	AVAILABLE	5
rand5	Agzzr	agzzr.com	TAKEN	5
rand5	Tdeoo	tdeoo.com	TAKEN	5
rand5	Nukxw	nukxw.com	AVAILABLE	5
rand5	Htpoj	htpoj.com	AVAILABLE	5
rand5	Zfkvi	zfkvi.com	AVAILABLE	5
rand5	Uxawl	uxawl.com	AVAILABLE	5
rand5	Fnhde	fnhde.com	AVAILABLE	5
rand5	Pvrki	pvrki.com	AVAILABLE	5
rand5	Nxdex	nxdex.com	TAKEN	5
rand5	Ptqne	ptqne.com	AVAILABLE	5
rand5	Danxr	danxr.com	AVAILABLE	5
rand5	Vpexp	vpexp.com	TAKEN	5
root5	Zeiza	zeiza.com	TAKEN	5
root5	Seera	seera.com	TAKEN	5
root5	Elyri	elyri.com	TAKEN	5
root5	Veeri	veeri.com	TAKEN	5
root5	Tiiza	tiiza.com	TAKEN	5
root5	Axuna	axuna.com	TAKEN	5
root5	Siuma	siuma.com	TAKEN	5
root5	Piela	piela.com	TAKEN	5
root5	Voiva	voiva.com	TAKEN	5
root5	Raila	raila.com	TAKEN	5
root5	Zyyri	zyyri.com	AVAILABLE	5
root5	Zeova	zeova.com	TAKEN	5
root5	Peeno	peeno.com	TAKEN	5
root5	Raeri	raeri.com	TAKEN	5
root5	Noyri	noyri.com	TAKEN	5
root5	Yaila	yaila.com	TAKEN	5
root5	Eliro	eliro.com	TAKEN	5
root5	Quina	quina.com	TAKEN	5
root5	Loaxi	loaxi.com	TAKEN	5
root5	Vyaxi	vyaxi.com	AVAILABLE	5
root5	Taiva	taiva.com	TAKEN	5
root5	Exiva	exiva.com	TAKEN	5
root5	Axova	axova.com	TAKEN	5
root5	Vaido	vaido.com	TAKEN	5
root5	Voola	voola.com	TAKEN	5
root5	Quora	quora.com	TAKEN	5
root5	Erero	erero.com	TAKEN	5
root5	Raina	raina.com	TAKEN	5
root5	Noiza	noiza.com	TAKEN	5
root5	Raora	raora.com	TAKEN	5
root5	Toino	toino.com	TAKEN	5
root5	Viulo	viulo.com	TAKEN	5
root5	Xyido	xyido.com	TAKEN	5
root5	Quyri	quyri.com	AVAILABLE	5
root5	Kyora	kyora.com	TAKEN	5
root5	Syyri	syyri.com	AVAILABLE	5
root5	Noira	noira.com	TAKEN	5
root5	Taono	taono.com	TAKEN	5
root5	Yaulo	yaulo.com	TAKEN	5
root5	Xeeri	xeeri.com	TAKEN	5
root5	Veera	veera.com	TAKEN	5
root5	Xeila	xeila.com	TAKEN	5
root5	Reeta	reeta.com	TAKEN	5
root5	Erido	erido.com	TAKEN	5
root5	Seulo	seulo.com	TAKEN	5
root5	Zeona	zeona.com	TAKEN	5
root5	Zyeli	zyeli.com	AVAILABLE	5
root5	Kaova	kaova.com	TAKEN	5
root5	Tyaxi	tyaxi.com	TAKEN	5
root5	Zyena	zyena.com	TAKEN	5
root5	Inyri	inyri.com	AVAILABLE	5
root5	Tiuna	tiuna.com	TAKEN	5
root5	Elema	elema.com	TAKEN	5
root5	Noila	noila.com	TAKEN	5
root5	Piena	piena.com	TAKEN	5
root5	Tiela	tiela.com	TAKEN	5
root5	Xaova	xaova.com	TAKEN	5
root5	Pyiva	pyiva.com	AVAILABLE	5
root5	Obeli	obeli.com	TAKEN	5
root5	Yaica	yaica.com	TAKEN	5
root5	Tyynx	tyynx.com	AVAILABLE	5
root5	Reaxi	reaxi.com	TAKEN	5
root5	Loiva	loiva.com	TAKEN	5
root5	Obico	obico.com	TAKEN	5
root5	Avora	avora.com	TAKEN	5
root5	Siila	siila.com	TAKEN	5
root5	Toeta	toeta.com	TAKEN	5
root5	Viela	viela.com	TAKEN	5
root5	Piima	piima.com	TAKEN	5
root5	Vaaxi	vaaxi.com	TAKEN	5
root5	Kaena	kaena.com	TAKEN	5
root5	Nyulo	nyulo.com	AVAILABLE	5
root5	Peulo	peulo.com	TAKEN	5
root5	Pyico	pyico.com	TAKEN	5
root5	Siaxi	siaxi.com	TAKEN	5
root5	Xeema	xeema.com	TAKEN	5
root5	Xaono	xaono.com	AVAILABLE	5
root5	Peino	peino.com	TAKEN	5
root5	Riulo	riulo.com	TAKEN	5
root5	Taaxi	taaxi.com	TAKEN	5
root5	Noica	noica.com	TAKEN	5
root5	Erema	erema.com	TAKEN	5
root5	Seiro	seiro.com	TAKEN	5
root5	Paera	paera.com	TAKEN	5
root5	Zyora	zyora.com	TAKEN	5
root5	Zeina	zeina.com	TAKEN	5
root5	Vouri	vouri.com	TAKEN	5
root5	Poyri	poyri.com	TAKEN	5
root5	Yaima	yaima.com	TAKEN	5
root5	Xyona	xyona.com	TAKEN	5
root5	Yayna	yayna.com	TAKEN	5
root5	Viyna	viyna.com	TAKEN	5
root5	Teari	teari.com	TAKEN	5
root5	Roera	roera.com	TAKEN	5
root5	Noema	noema.com	TAKEN	5
root5	Poila	poila.com	TAKEN	5
root5	Viila	viila.com	TAKEN	5
root5	Zyola	zyola.com	TAKEN	5
root5	Quono	quono.com	TAKEN	5
root5	Siiza	siiza.com	TAKEN	5
root5	Axina	axina.com	TAKEN	5
root5	Neiro	neiro.com	TAKEN	5
root5	Elulo	elulo.com	TAKEN	5
root5	Viona	viona.com	TAKEN	5
root5	Axica	axica.com	TAKEN	5
root5	Roola	roola.com	TAKEN	5
root5	Peido	peido.com	TAKEN	5
root5	Taino	taino.com	TAKEN	5
root5	Kyico	kyico.com	AVAILABLE	5
root5	Saico	saico.com	TAKEN	5
root5	Neima	neima.com	TAKEN	5
root5	Noido	noido.com	TAKEN	5
root5	Neono	neono.com	TAKEN	5
root5	Ineno	ineno.com	TAKEN	5
root5	Exena	exena.com	TAKEN	5
root5	Viynx	viynx.com	AVAILABLE	5
root5	Toaxi	toaxi.com	AVAILABLE	5
root5	Xyiza	xyiza.com	AVAILABLE	5
root5	Avyri	avyri.com	TAKEN	5
root5	Piola	piola.com	TAKEN	5
root5	Saino	saino.com	TAKEN	5
root5	Saica	saica.com	TAKEN	5
root5	Xyora	xyora.com	TAKEN	5
root5	Axiva	axiva.com	TAKEN	5
root5	Zyuna	zyuna.com	TAKEN	5
root5	Roiza	roiza.com	TAKEN	5
root5	Viica	viica.com	TAKEN	5
root5	Riera	riera.com	TAKEN	5
root5	Riola	riola.com	TAKEN	5
root5	Voaxi	voaxi.com	TAKEN	5
root5	Axido	axido.com	TAKEN	5
root5	Poeno	poeno.com	TAKEN	5
root5	Orora	orora.com	TAKEN	5
root5	Toina	toina.com	TAKEN	5
root5	Kyina	kyina.com	TAKEN	5
root5	Neino	neino.com	TAKEN	5
root5	Roona	roona.com	TAKEN	5
root5	Piica	piica.com	TAKEN	5
root5	Sauna	sauna.com	TAKEN	5
root5	Luuma	luuma.com	TAKEN	5
root5	Voora	voora.com	TAKEN	5
root5	Piulo	piulo.com	TAKEN	5
root5	Nyuri	nyuri.com	TAKEN	5
root5	Kyeri	kyeri.com	TAKEN	5
root5	Taila	taila.com	TAKEN	5
root5	Erino	erino.com	TAKEN	5
root5	Zyima	zyima.com	TAKEN	5
root5	Syuna	syuna.com	TAKEN	5
root5	Poico	poico.com	TAKEN	5
root5	Inero	inero.com	TAKEN	5
root5	Roaxi	roaxi.com	TAKEN	5
root5	Kyuma	kyuma.com	TAKEN	5
root5	Saeri	saeri.com	TAKEN	5
root5	Tyiva	tyiva.com	TAKEN	5
root5	Soola	soola.com	TAKEN	5
root5	Zeynx	zeynx.com	TAKEN	5
root5	Odina	odina.com	TAKEN	5
root5	Syeli	syeli.com	TAKEN	5
root5	Pyeno	pyeno.com	AVAILABLE	5
root5	Voeta	voeta.com	TAKEN	5
root5	Tyeno	tyeno.com	TAKEN	5
root5	Reona	reona.com	TAKEN	5
root5	Noora	noora.com	TAKEN	5
root5	Piina	piina.com	TAKEN	5
root5	Peari	peari.com	TAKEN	5
root5	Quera	quera.com	TAKEN	5
root5	Peico	peico.com	TAKEN	5
root5	Taiza	taiza.com	TAKEN	5
root5	Kyiro	kyiro.com	TAKEN	5
root5	Peola	peola.com	TAKEN	5
root5	Viora	viora.com	TAKEN	5
root5	Sauri	sauri.com	TAKEN	5
root5	Elova	elova.com	TAKEN	5
root5	Toiro	toiro.com	TAKEN	5
root5	Riero	riero.com	TAKEN	5
root5	Kaona	kaona.com	TAKEN	5
root5	Quulo	quulo.com	TAKEN	5
root5	Axena	axena.com	TAKEN	5
root5	Oriro	oriro.com	TAKEN	5
root5	Vyino	vyino.com	TAKEN	5
root5	Tiulo	tiulo.com	TAKEN	5
root5	Yaora	yaora.com	TAKEN	5
root5	Xeiva	xeiva.com	TAKEN	5
root5	Reuma	reuma.com	TAKEN	5
root5	Kaica	kaica.com	TAKEN	5
root5	Areri	areri.com	TAKEN	5
root5	Xaima	xaima.com	TAKEN	5
root5	Veina	veina.com	TAKEN	5
root5	Xeena	xeena.com	TAKEN	5
root5	Lueta	lueta.com	TAKEN	5
root5	Roeli	roeli.com	TAKEN	5
root5	Arulo	arulo.com	TAKEN	5
root5	Siena	siena.com	TAKEN	5
root5	Erina	erina.com	TAKEN	5
root5	Toero	toero.com	TAKEN	5
root5	Odila	odila.com	TAKEN	5
root5	Reeri	reeri.com	TAKEN	5
root5	Iliva	iliva.com	TAKEN	5
root5	Kaari	kaari.com	TAKEN	5
root5	Avono	avono.com	TAKEN	5
root5	Oryri	oryri.com	AVAILABLE	5
root5	Riiza	riiza.com	TAKEN	5
root5	Iliza	iliza.com	TAKEN	5
root5	Kyyna	kyyna.com	TAKEN	5
root5	Tyuna	tyuna.com	TAKEN	5
root5	Odono	odono.com	TAKEN	5
root5	Reira	reira.com	TAKEN	5
root5	Piuma	piuma.com	TAKEN	5
root5	Noero	noero.com	TAKEN	5
root5	Odaxi	odaxi.com	TAKEN	5
root5	Xyeri	xyeri.com	AVAILABLE	5
root5	Peiro	peiro.com	TAKEN	5
root5	Axynx	axynx.com	AVAILABLE	5
root5	Xyyri	xyyri.com	AVAILABLE	5
root5	Yauna	yauna.com	TAKEN	5
root5	Zyiro	zyiro.com	TAKEN	5
root5	Tiila	tiila.com	TAKEN	5
root5	Zeaxi	zeaxi.com	TAKEN	5
root5	Syora	syora.com	TAKEN	5
root5	Louma	louma.com	TAKEN	5
root5	Pyima	pyima.com	TAKEN	5
root5	Noena	noena.com	TAKEN	5
root5	Raima	raima.com	TAKEN	5
root5	Siino	siino.com	TAKEN	5
root5	Obiza	obiza.com	TAKEN	5
root5	Zyino	zyino.com	TAKEN	5
root5	Quico	quico.com	TAKEN	5
root5	Iliro	iliro.com	TAKEN	5
root5	Exyna	exyna.com	TAKEN	5
root5	Touri	touri.com	TAKEN	5
root5	Nyynx	nyynx.com	AVAILABLE	5
root5	Loola	loola.com	TAKEN	5
root5	Arero	arero.com	TAKEN	5
root5	Axiza	axiza.com	TAKEN	5
root5	Arica	arica.com	TAKEN	5
root5	Eriro	eriro.com	TAKEN	5
root5	Nyeri	nyeri.com	TAKEN	5
root5	Vyuri	vyuri.com	AVAILABLE	5
root5	Xaaxi	xaaxi.com	TAKEN	5
root5	Inaxi	inaxi.com	TAKEN	5
root5	Saido	saido.com	TAKEN	5
root5	Pauma	pauma.com	TAKEN	5
root5	Odynx	odynx.com	TAKEN	5
root5	Piyna	piyna.com	TAKEN	5
root5	Voela	voela.com	TAKEN	5
root5	Paena	paena.com	TAKEN	5
root5	Xyero	xyero.com	TAKEN	5
root5	Axino	axino.com	TAKEN	5
root5	Roica	roica.com	TAKEN	5
root5	Loina	loina.com	TAKEN	5
root5	Poaxi	poaxi.com	TAKEN	5
root5	Exima	exima.com	TAKEN	5
root5	Pouri	pouri.com	TAKEN	5
root5	Neela	neela.com	TAKEN	5
root5	Loyna	loyna.com	TAKEN	5
root5	Xeeno	xeeno.com	TAKEN	5
root5	Siido	siido.com	TAKEN	5
root5	Roova	roova.com	TAKEN	5
root5	Viira	viira.com	TAKEN	5
root5	Oreta	oreta.com	TAKEN	5
root5	Tyela	tyela.com	TAKEN	5
root5	Exina	exina.com	TAKEN	5
root5	Roira	roira.com	TAKEN	5
root5	Loora	loora.com	TAKEN	5
root5	Oraxi	oraxi.com	TAKEN	5
root5	Kaino	kaino.com	TAKEN	5
pron6	Fokacu	fokacu.com	AVAILABLE	6
pron6	Vugide	vugide.com	AVAILABLE	6
pron6	Hoduny	hoduny.com	AVAILABLE	6
pron6	Capeza	capeza.com	TAKEN	6
pron6	Gokizy	gokizy.com	AVAILABLE	6
pron6	Pojari	pojari.com	AVAILABLE	6
pron6	Gicotu	gicotu.com	AVAILABLE	6
pron6	Muvehu	muvehu.com	AVAILABLE	6
pron6	Pitize	pitize.com	TAKEN	6
pron6	Dugomi	dugomi.com	AVAILABLE	6
pron6	Zitawo	zitawo.com	AVAILABLE	6
pron6	Hapuki	hapuki.com	AVAILABLE	6
pron6	Durewy	durewy.com	AVAILABLE	6
pron6	Vugumi	vugumi.com	AVAILABLE	6
pron6	Sifawy	sifawy.com	TAKEN	6
pron6	Dagece	dagece.com	TAKEN	6
pron6	Fojacu	fojacu.com	AVAILABLE	6
pron6	Rowula	rowula.com	AVAILABLE	6
pron6	Pedajy	pedajy.com	AVAILABLE	6
pron6	Vatapu	vatapu.com	AVAILABLE	6
pron6	Siculu	siculu.com	AVAILABLE	6
pron6	Camaju	camaju.com	TAKEN	6
pron6	Fakure	fakure.com	AVAILABLE	6
pron6	Jukuhu	jukuhu.com	AVAILABLE	6
pron6	Zofupy	zofupy.com	AVAILABLE	6
pron6	Tofehu	tofehu.com	AVAILABLE	6
pron6	Runezu	runezu.com	TAKEN	6
pron6	Tinuni	tinuni.com	AVAILABLE	6
pron6	Sonuku	sonuku.com	TAKEN	6
pron6	Zeruli	zeruli.com	TAKEN	6
pron6	Toraci	toraci.com	TAKEN	6
pron6	Bugibi	bugibi.com	TAKEN	6
pron6	Kenalu	kenalu.com	TAKEN	6
pron6	Wugaco	wugaco.com	AVAILABLE	6
pron6	Pegipu	pegipu.com	AVAILABLE	6
pron6	Kelidu	kelidu.com	TAKEN	6
pron6	Rujano	rujano.com	TAKEN	6
pron6	Hofuma	hofuma.com	AVAILABLE	6
pron6	Racipo	racipo.com	AVAILABLE	6
pron6	Sakuby	sakuby.com	AVAILABLE	6
pron6	Ramuci	ramuci.com	AVAILABLE	6
pron6	Zugiwy	zugiwy.com	AVAILABLE	6
pron6	Kecotu	kecotu.com	AVAILABLE	6
pron6	Wakomo	wakomo.com	TAKEN	6
pron6	Genavu	genavu.com	AVAILABLE	6
pron6	Curido	curido.com	TAKEN	6
pron6	Wogevu	wogevu.com	AVAILABLE	6
pron6	Joruju	joruju.com	AVAILABLE	6
pron6	Wekalo	wekalo.com	TAKEN	6
pron6	Nudaso	nudaso.com	AVAILABLE	6
pron6	Pijipu	pijipu.com	AVAILABLE	6
pron6	Bihitu	bihitu.com	AVAILABLE	6
pron6	Gocejy	gocejy.com	AVAILABLE	6
pron6	Pedace	pedace.com	TAKEN	6
pron6	Gibifi	gibifi.com	AVAILABLE	6
pron6	Tobijy	tobijy.com	AVAILABLE	6
pron6	Zejuwi	zejuwi.com	AVAILABLE	6
pron6	Zogaru	zogaru.com	AVAILABLE	6
pron6	Waleci	waleci.com	AVAILABLE	6
pron6	Julaty	julaty.com	TAKEN	6
pron6	Baripa	baripa.com	TAKEN	6
pron6	Bireru	bireru.com	AVAILABLE	6
pron6	Fivuza	fivuza.com	AVAILABLE	6
pron6	Hewozy	hewozy.com	AVAILABLE	6
pron6	Bakumi	bakumi.com	TAKEN	6
pron6	Vohapy	vohapy.com	AVAILABLE	6
pron6	Pimewi	pimewi.com	AVAILABLE	6
pron6	Cirazi	cirazi.com	AVAILABLE	6
pron6	Kenoga	kenoga.com	TAKEN	6
pron6	Rukoku	rukoku.com	AVAILABLE	6
pron6	Gomuno	gomuno.com	TAKEN	6
pron6	Zejezy	zejezy.com	AVAILABLE	6
pron6	Jemugo	jemugo.com	AVAILABLE	6
pron6	Guhidu	guhidu.com	AVAILABLE	6
pron6	Zahigy	zahigy.com	AVAILABLE	6
pron6	Bisomo	bisomo.com	AVAILABLE	6
pron6	Lejage	lejage.com	AVAILABLE	6
pron6	Buluku	buluku.com	TAKEN	6
pron6	Kebidy	kebidy.com	AVAILABLE	6
pron6	Vewuvy	vewuvy.com	AVAILABLE	6
pron6	Perove	perove.com	TAKEN	6
pron6	Hekasa	hekasa.com	TAKEN	6
pron6	Lokeja	lokeja.com	AVAILABLE	6
pron6	Hovite	hovite.com	TAKEN	6
pron6	Socury	socury.com	TAKEN	6
pron6	Nozucu	nozucu.com	AVAILABLE	6
pron6	Fotaku	fotaku.com	TAKEN	6
pron6	Zocuru	zocuru.com	AVAILABLE	6
pron6	Cemori	cemori.com	TAKEN	6
pron6	Mohomu	mohomu.com	AVAILABLE	6
pron6	Cugota	cugota.com	AVAILABLE	6
pron6	Wahuze	wahuze.com	AVAILABLE	6
pron6	Ronobe	ronobe.com	AVAILABLE	6
pron6	Tujodi	tujodi.com	AVAILABLE	6
pron6	Nefafy	nefafy.com	AVAILABLE	6
pron6	Tidury	tidury.com	AVAILABLE	6
pron6	Wuhozo	wuhozo.com	AVAILABLE	6
pron6	Cenuge	cenuge.com	AVAILABLE	6
pron6	Gecomi	gecomi.com	TAKEN	6
pron6	Tihage	tihage.com	AVAILABLE	6
pron6	Bulato	bulato.com	TAKEN	6
pron6	Vubuve	vubuve.com	AVAILABLE	6
pron6	Juvoso	juvoso.com	AVAILABLE	6
pron6	Dubezi	dubezi.com	AVAILABLE	6
pron6	Zecega	zecega.com	AVAILABLE	6
pron6	Pagami	pagami.com	TAKEN	6
pron6	Dafohe	dafohe.com	AVAILABLE	6
pron6	Muzety	muzety.com	AVAILABLE	6
pron6	Padini	padini.com	TAKEN	6
pron6	Rasudi	rasudi.com	AVAILABLE	6
pron6	Vefinu	vefinu.com	AVAILABLE	6
pron6	Sujeca	sujeca.com	AVAILABLE	6
pron6	Wavumo	wavumo.com	AVAILABLE	6
pron6	Niwupe	niwupe.com	AVAILABLE	6
pron6	Vuvohu	vuvohu.com	AVAILABLE	6
pron6	Kijafa	kijafa.com	TAKEN	6
pron6	Tajuso	tajuso.com	TAKEN	6
pron6	Cipuja	cipuja.com	AVAILABLE	6
pron6	Jilami	jilami.com	AVAILABLE	6
pron6	Wunafy	wunafy.com	AVAILABLE	6
pron6	Nirube	nirube.com	AVAILABLE	6
pron6	Jinova	jinova.com	TAKEN	6
pron6	Gogozi	gogozi.com	TAKEN	6
pron6	Tocumu	tocumu.com	AVAILABLE	6
pron6	Nuzaju	nuzaju.com	AVAILABLE	6
pron6	Nidela	nidela.com	TAKEN	6
pron6	Nozere	nozere.com	TAKEN	6
pron6	Finalo	finalo.com	TAKEN	6
pron6	Dokiti	dokiti.com	TAKEN	6
pron6	Jumefi	jumefi.com	AVAILABLE	6
pron6	Cedowa	cedowa.com	AVAILABLE	6
pron6	Vugeno	vugeno.com	AVAILABLE	6
pron6	Winefu	winefu.com	TAKEN	6
pron6	Gecory	gecory.com	TAKEN	6
pron6	Wabicy	wabicy.com	AVAILABLE	6
pron6	Ditafu	ditafu.com	TAKEN	6
pron6	Mamene	mamene.com	TAKEN	6
pron6	Jiluno	jiluno.com	AVAILABLE	6
pron6	Figela	figela.com	TAKEN	6
pron6	Buzufe	buzufe.com	AVAILABLE	6
pron6	Zizile	zizile.com	TAKEN	6
pron6	Mukedi	mukedi.com	AVAILABLE	6
pron6	Nutaga	nutaga.com	TAKEN	6
pron6	Vafoca	vafoca.com	AVAILABLE	6
pron6	Sohutu	sohutu.com	AVAILABLE	6
pron6	Pineza	pineza.com	TAKEN	6
pron6	Tugata	tugata.com	TAKEN	6
pron6	Titoke	titoke.com	TAKEN	6
pron6	Gulire	gulire.com	AVAILABLE	6
pron6	Nitoba	nitoba.com	TAKEN	6
pron6	Vapote	vapote.com	TAKEN	6
pron6	Migufo	migufo.com	AVAILABLE	6
pron6	Fizamu	fizamu.com	AVAILABLE	6
pron6	Toseku	toseku.com	AVAILABLE	6
pron6	Horane	horane.com	TAKEN	6
pron6	Sonuke	sonuke.com	TAKEN	6
pron6	Duvati	duvati.com	TAKEN	6
pron6	Zatemo	zatemo.com	TAKEN	6
pron6	Dufuri	dufuri.com	AVAILABLE	6
pron6	Vadegu	vadegu.com	AVAILABLE	6
pron6	Begozi	begozi.com	AVAILABLE	6
pron6	Rutejy	rutejy.com	AVAILABLE	6
pron6	Nimopa	nimopa.com	TAKEN	6
pron6	Buwogi	buwogi.com	AVAILABLE	6
pron6	Cizaby	cizaby.com	AVAILABLE	6
pron6	Zifibe	zifibe.com	AVAILABLE	6
pron6	Suriro	suriro.com	TAKEN	6
rand6	Jormej	jormej.com	AVAILABLE	6
rand6	Yvezrd	yvezrd.com	AVAILABLE	6
rand6	Basmlz	basmlz.com	AVAILABLE	6
rand6	Cqklup	cqklup.com	AVAILABLE	6
rand6	Lenolj	lenolj.com	AVAILABLE	6
rand6	Eppwgn	eppwgn.com	AVAILABLE	6
rand6	Kojzos	kojzos.com	AVAILABLE	6
rand6	Zumcxc	zumcxc.com	AVAILABLE	6
rand6	Mtycqu	mtycqu.com	AVAILABLE	6
rand6	Ibiumn	ibiumn.com	AVAILABLE	6
rand6	Mtkyuh	mtkyuh.com	AVAILABLE	6
rand6	Axtsob	axtsob.com	AVAILABLE	6
rand6	Mebzvq	mebzvq.com	AVAILABLE	6
rand6	Hwacep	hwacep.com	AVAILABLE	6
rand6	Uwicdy	uwicdy.com	AVAILABLE	6
rand6	Emzugl	emzugl.com	AVAILABLE	6
rand6	Qftiqt	qftiqt.com	AVAILABLE	6
rand6	Dekhtt	dekhtt.com	AVAILABLE	6
rand6	Aylrzr	aylrzr.com	AVAILABLE	6
rand6	Wigcrk	wigcrk.com	AVAILABLE	6
rand6	Uttpfi	uttpfi.com	AVAILABLE	6
rand6	Reorva	reorva.com	AVAILABLE	6
rand6	Acyrvy	acyrvy.com	AVAILABLE	6
rand6	Xozxsg	xozxsg.com	AVAILABLE	6
rand6	Xuiebu	xuiebu.com	AVAILABLE	6
rand6	Jibygl	jibygl.com	AVAILABLE	6
rand6	Mypemd	mypemd.com	AVAILABLE	6
rand6	Boglxd	boglxd.com	AVAILABLE	6
rand6	Onymlv	onymlv.com	AVAILABLE	6
rand6	Uuoayv	uuoayv.com	AVAILABLE	6
rand6	Moyjrk	moyjrk.com	AVAILABLE	6
rand6	Ltqebj	ltqebj.com	AVAILABLE	6
rand6	Esxqjc	esxqjc.com	AVAILABLE	6
rand6	Mboinv	mboinv.com	AVAILABLE	6
rand6	Lzabub	lzabub.com	AVAILABLE	6
rand6	Durlrw	durlrw.com	AVAILABLE	6
rand6	Dpyadq	dpyadq.com	AVAILABLE	6
rand6	Mxbsde	mxbsde.com	AVAILABLE	6
rand6	Bhulep	bhulep.com	AVAILABLE	6
rand6	Vcmufu	vcmufu.com	AVAILABLE	6
rand6	Lvzriz	lvzriz.com	AVAILABLE	6
rand6	Odvutp	odvutp.com	AVAILABLE	6
rand6	Iddkso	iddkso.com	AVAILABLE	6
rand6	Uamaec	uamaec.com	AVAILABLE	6
rand6	Qxkuus	qxkuus.com	AVAILABLE	6
rand6	Aemyqu	aemyqu.com	AVAILABLE	6
rand6	Jagdnc	jagdnc.com	AVAILABLE	6
rand6	Jtofur	jtofur.com	AVAILABLE	6
rand6	Hfurzm	hfurzm.com	AVAILABLE	6
rand6	Erbqhl	erbqhl.com	AVAILABLE	6
rand6	Iutbty	iutbty.com	AVAILABLE	6
rand6	Eumdxs	eumdxs.com	AVAILABLE	6
rand6	Pifriu	pifriu.com	AVAILABLE	6
rand6	Ictwjf	ictwjf.com	AVAILABLE	6
rand6	Eixpuq	eixpuq.com	AVAILABLE	6
rand6	Pezwcw	pezwcw.com	AVAILABLE	6
rand6	Tgipxp	tgipxp.com	AVAILABLE	6
rand6	Doazbm	doazbm.com	AVAILABLE	6
rand6	Tanmuv	tanmuv.com	AVAILABLE	6
rand6	Lgoaty	lgoaty.com	AVAILABLE	6
rand6	Swtalu	swtalu.com	TAKEN	6
rand6	Wkujmq	wkujmq.com	AVAILABLE	6
rand6	Wbxial	wbxial.com	AVAILABLE	6
rand6	Hyouuc	hyouuc.com	AVAILABLE	6
rand6	Cjqjeo	cjqjeo.com	AVAILABLE	6
rand6	Imndsr	imndsr.com	AVAILABLE	6
rand6	Nhquyv	nhquyv.com	AVAILABLE	6
rand6	Wnqhzo	wnqhzo.com	AVAILABLE	6
rand6	Wgyqki	wgyqki.com	AVAILABLE	6
rand6	Qipsvl	qipsvl.com	AVAILABLE	6
rand6	Hduegm	hduegm.com	AVAILABLE	6
rand6	Zubjle	zubjle.com	AVAILABLE	6
rand6	Rdgbid	rdgbid.com	AVAILABLE	6
rand6	Geoaii	geoaii.com	TAKEN	6
rand6	Joehxk	joehxk.com	AVAILABLE	6
rand6	Mdliat	mdliat.com	AVAILABLE	6
rand6	Zismhy	zismhy.com	AVAILABLE	6
rand6	Zodoxl	zodoxl.com	AVAILABLE	6
rand6	Rtxdoi	rtxdoi.com	AVAILABLE	6
rand6	Pfyhan	pfyhan.com	AVAILABLE	6
rand6	Lrcnfi	lrcnfi.com	AVAILABLE	6
rand6	Cslzuh	cslzuh.com	AVAILABLE	6
rand6	Uzlxdp	uzlxdp.com	AVAILABLE	6
rand6	Ostdej	ostdej.com	AVAILABLE	6
rand6	Obvvho	obvvho.com	AVAILABLE	6
rand6	Maagyv	maagyv.com	AVAILABLE	6
rand6	Powqms	powqms.com	AVAILABLE	6
rand6	Dnoveb	dnoveb.com	AVAILABLE	6
rand6	Iwdehk	iwdehk.com	AVAILABLE	6
rand6	Tectow	tectow.com	TAKEN	6
rand6	Pvanjm	pvanjm.com	AVAILABLE	6
rand6	Ixcefe	ixcefe.com	AVAILABLE	6
rand6	Xpvnno	xpvnno.com	AVAILABLE	6
rand6	Mijvxp	mijvxp.com	AVAILABLE	6
rand6	Tisavf	tisavf.com	AVAILABLE	6
rand6	Rucutb	rucutb.com	AVAILABLE	6
rand6	Cunbdg	cunbdg.com	AVAILABLE	6
rand6	Brtuxf	brtuxf.com	AVAILABLE	6
rand6	Xejcvy	xejcvy.com	AVAILABLE	6
rand6	Yjensg	yjensg.com	AVAILABLE	6
rand6	Ocpafe	ocpafe.com	AVAILABLE	6
rand6	Ejjffc	ejjffc.com	AVAILABLE	6
rand6	Obidhp	obidhp.com	AVAILABLE	6
rand6	Izlohw	izlohw.com	AVAILABLE	6
rand6	Ebvmre	ebvmre.com	AVAILABLE	6
rand6	Bzipzd	bzipzd.com	AVAILABLE	6
rand6	Uqkmpk	uqkmpk.com	AVAILABLE	6
rand6	Bttufr	bttufr.com	AVAILABLE	6
rand6	Mgiwoy	mgiwoy.com	AVAILABLE	6
rand6	Alxjij	alxjij.com	AVAILABLE	6
rand6	Laowhs	laowhs.com	AVAILABLE	6
rand6	Rromwn	rromwn.com	AVAILABLE	6
rand6	Iabvjt	iabvjt.com	AVAILABLE	6
rand6	Axicij	axicij.com	AVAILABLE	6
rand6	Bhiail	bhiail.com	AVAILABLE	6
rand6	Woxgsp	woxgsp.com	AVAILABLE	6
rand6	Zjkovc	zjkovc.com	AVAILABLE	6
rand6	Rintip	rintip.com	TAKEN	6
rand6	Jlmwuv	jlmwuv.com	AVAILABLE	6
rand6	Tcvcib	tcvcib.com	AVAILABLE	6
rand6	Umfuqh	umfuqh.com	AVAILABLE	6
rand6	Ulofkq	ulofkq.com	AVAILABLE	6
rand6	Lteasw	lteasw.com	AVAILABLE	6
rand6	Ofztmy	ofztmy.com	AVAILABLE	6
rand6	Nptloq	nptloq.com	AVAILABLE	6
rand6	Livbfk	livbfk.com	AVAILABLE	6
rand6	Egvmol	egvmol.com	AVAILABLE	6
rand6	Qaedgu	qaedgu.com	AVAILABLE	6
rand6	Rewzma	rewzma.com	AVAILABLE	6
rand6	Ygwgdu	ygwgdu.com	AVAILABLE	6
rand6	Ipktgk	ipktgk.com	AVAILABLE	6
rand6	Dezlgp	dezlgp.com	AVAILABLE	6
rand6	Mjyilr	mjyilr.com	AVAILABLE	6
rand6	Azpvry	azpvry.com	AVAILABLE	6
rand6	Rugoiy	rugoiy.com	AVAILABLE	6
rand6	Tkawvy	tkawvy.com	AVAILABLE	6
rand6	Tlabqq	tlabqq.com	AVAILABLE	6
rand6	Udkqic	udkqic.com	AVAILABLE	6
rand6	Enzvtw	enzvtw.com	AVAILABLE	6
rand6	Ruimtg	ruimtg.com	AVAILABLE	6
rand6	Rvufke	rvufke.com	AVAILABLE	6
rand6	Eklgcj	eklgcj.com	AVAILABLE	6
rand6	Rdsewu	rdsewu.com	AVAILABLE	6
rand6	Adisrs	adisrs.com	AVAILABLE	6
rand6	Stgcbi	stgcbi.com	AVAILABLE	6
rand6	Jzopgn	jzopgn.com	AVAILABLE	6
rand6	Ywdind	ywdind.com	AVAILABLE	6
rand6	Ixiztd	ixiztd.com	AVAILABLE	6
rand6	Wrubdf	wrubdf.com	AVAILABLE	6
rand6	Agslzy	agslzy.com	AVAILABLE	6
rand6	Wdcwee	wdcwee.com	AVAILABLE	6
rand6	Nokbtr	nokbtr.com	AVAILABLE	6
rand6	Xarrkp	xarrkp.com	AVAILABLE	6
rand6	Lypazr	lypazr.com	AVAILABLE	6
rand6	Yittyo	yittyo.com	AVAILABLE	6
rand6	Fbqibb	fbqibb.com	AVAILABLE	6
rand6	Yjkezw	yjkezw.com	AVAILABLE	6
rand6	Cweuht	cweuht.com	AVAILABLE	6
rand6	Rdmlui	rdmlui.com	AVAILABLE	6
rand6	Xmoktv	xmoktv.com	AVAILABLE	6
rand6	Pllbim	pllbim.com	AVAILABLE	6
rand6	Fremqn	fremqn.com	AVAILABLE	6
rand6	Bclcro	bclcro.com	AVAILABLE	6
rand6	Eekcwh	eekcwh.com	AVAILABLE	6
rand6	Weetpw	weetpw.com	AVAILABLE	6
rand6	Cnadem	cnadem.com	AVAILABLE	6
rand6	Dacazw	dacazw.com	AVAILABLE	6
root6	Kelyri	kelyri.com	TAKEN	6
root6	Gerima	gerima.com	TAKEN	6
root6	Veniza	veniza.com	TAKEN	6
root6	Iroena	iroena.com	AVAILABLE	6
root6	Pyryna	pyryna.com	AVAILABLE	6
root6	Geryri	geryri.com	AVAILABLE	6
root6	Venari	venari.com	TAKEN	6
root6	Emaeta	emaeta.com	AVAILABLE	6
root6	Geruri	geruri.com	AVAILABLE	6
root6	Yuryri	yuryri.com	AVAILABLE	6
root6	Ariuri	ariuri.com	AVAILABLE	6
root6	Marico	marico.com	TAKEN	6
root6	Penulo	penulo.com	TAKEN	6
root6	Calona	calona.com	TAKEN	6
root6	Axieno	axieno.com	TAKEN	6
root6	Venuma	venuma.com	TAKEN	6
root6	Yuriro	yuriro.com	TAKEN	6
root6	Belynx	belynx.com	TAKEN	6
root6	Torynx	torynx.com	TAKEN	6
root6	Zelynx	zelynx.com	TAKEN	6
root6	Lumeli	lumeli.com	TAKEN	6
root6	Zyrari	zyrari.com	AVAILABLE	6
root6	Venola	venola.com	TAKEN	6
root6	Corino	corino.com	TAKEN	6
root6	Ulmyri	ulmyri.com	AVAILABLE	6
root6	Emaynx	emaynx.com	AVAILABLE	6
root6	Soluri	soluri.com	TAKEN	6
root6	Heliro	heliro.com	TAKEN	6
root6	Iroyri	iroyri.com	AVAILABLE	6
root6	Lumora	lumora.com	TAKEN	6
root6	Lumona	lumona.com	TAKEN	6
root6	Vireri	vireri.com	TAKEN	6
root6	Penova	penova.com	TAKEN	6
root6	Ulmora	ulmora.com	TAKEN	6
root6	Xeneta	xeneta.com	TAKEN	6
root6	Keliro	keliro.com	TAKEN	6
root6	Delyri	delyri.com	AVAILABLE	6
root6	Ferica	ferica.com	TAKEN	6
root6	Iroeta	iroeta.com	AVAILABLE	6
root6	Yureno	yureno.com	TAKEN	6
root6	Ulmynx	ulmynx.com	AVAILABLE	6
root6	Pyrima	pyrima.com	AVAILABLE	6
root6	Keleli	keleli.com	AVAILABLE	6
root6	Ariono	ariono.com	TAKEN	6
root6	Norono	norono.com	TAKEN	6
root6	Helica	helica.com	TAKEN	6
root6	Zelela	zelela.com	TAKEN	6
root6	Corona	corona.com	TAKEN	6
root6	Venera	venera.com	TAKEN	6
root6	Lumera	lumera.com	TAKEN	6
root6	Lumynx	lumynx.com	TAKEN	6
root6	Norona	norona.com	TAKEN	6
root6	Solela	solela.com	TAKEN	6
root6	Olaero	olaero.com	TAKEN	6
root6	Zeleno	zeleno.com	TAKEN	6
root6	Caluri	caluri.com	TAKEN	6
root6	Virera	virera.com	TAKEN	6
root6	Elveno	elveno.com	TAKEN	6
root6	Belora	belora.com	TAKEN	6
root6	Elveta	elveta.com	TAKEN	6
root6	Emaido	emaido.com	AVAILABLE	6
root6	Penuri	penuri.com	TAKEN	6
root6	Elvero	elvero.com	TAKEN	6
root6	Ferera	ferera.com	TAKEN	6
root6	Irouri	irouri.com	AVAILABLE	6
root6	Ulmaxi	ulmaxi.com	AVAILABLE	6
root6	Maryri	maryri.com	TAKEN	6
root6	Rhoiro	rhoiro.com	AVAILABLE	6
root6	Zeleta	zeleta.com	TAKEN	6
root6	Delino	delino.com	TAKEN	6
root6	Geriva	geriva.com	TAKEN	6
root6	Ulmila	ulmila.com	AVAILABLE	6
root6	Feruna	feruna.com	TAKEN	6
root6	Ulmuma	ulmuma.com	AVAILABLE	6
root6	Viriva	viriva.com	TAKEN	6
root6	Verero	verero.com	TAKEN	6
root6	Axiiva	axiiva.com	AVAILABLE	6
root6	Corena	corena.com	TAKEN	6
root6	Rhoola	rhoola.com	AVAILABLE	6
root6	Toreta	toreta.com	TAKEN	6
root6	Veneli	veneli.com	TAKEN	6
root6	Torela	torela.com	TAKEN	6
root6	Gereli	gereli.com	TAKEN	6
root6	Zyriro	zyriro.com	AVAILABLE	6
root6	Ulmulo	ulmulo.com	AVAILABLE	6
root6	Pyrola	pyrola.com	TAKEN	6
root6	Solaxi	solaxi.com	TAKEN	6
root6	Olaiva	olaiva.com	TAKEN	6
root6	Gerulo	gerulo.com	TAKEN	6
root6	Verido	verido.com	TAKEN	6
root6	Arturi	arturi.com	TAKEN	6
root6	Solulo	solulo.com	TAKEN	6
root6	Iroira	iroira.com	AVAILABLE	6
root6	Delela	delela.com	TAKEN	6
root6	Artona	artona.com	TAKEN	6
root6	Tareri	tareri.com	AVAILABLE	6
root6	Zyriza	zyriza.com	TAKEN	6
root6	Penido	penido.com	TAKEN	6
root6	Delora	delora.com	TAKEN	6
root6	Pyriva	pyriva.com	TAKEN	6
root6	Rhoeta	rhoeta.com	TAKEN	6
root6	Ariari	ariari.com	TAKEN	6
root6	Artina	artina.com	TAKEN	6
root6	Marira	marira.com	TAKEN	6
root6	Venora	venora.com	TAKEN	6
root6	Emaeli	emaeli.com	AVAILABLE	6
root6	Zelono	zelono.com	TAKEN	6
root6	Emauri	emauri.com	TAKEN	6
root6	Pyraxi	pyraxi.com	AVAILABLE	6
root6	Virona	virona.com	TAKEN	6
root6	Mariza	mariza.com	TAKEN	6
root6	Lumono	lumono.com	TAKEN	6
root6	Pyriro	pyriro.com	AVAILABLE	6
root6	Ferova	ferova.com	TAKEN	6
root6	Zyrima	zyrima.com	AVAILABLE	6
root6	Elvola	elvola.com	TAKEN	6
root6	Zyrico	zyrico.com	TAKEN	6
root6	Delena	delena.com	TAKEN	6
root6	Caluna	caluna.com	TAKEN	6
root6	Feryri	feryri.com	AVAILABLE	6
root6	Keluri	keluri.com	TAKEN	6
root6	Corora	corora.com	TAKEN	6
root6	Zyrulo	zyrulo.com	AVAILABLE	6
root6	Norynx	norynx.com	TAKEN	6
root6	Venuri	venuri.com	TAKEN	6
root6	Yuruma	yuruma.com	TAKEN	6
root6	Helero	helero.com	TAKEN	6
root6	Zeleri	zeleri.com	TAKEN	6
root6	Yuryna	yuryna.com	AVAILABLE	6
root6	Ferora	ferora.com	TAKEN	6
root6	Zyrera	zyrera.com	TAKEN	6
root6	Kelyna	kelyna.com	TAKEN	6
root6	Xenela	xenela.com	TAKEN	6
root6	Helora	helora.com	TAKEN	6
root6	Emauma	emauma.com	AVAILABLE	6
root6	Emaera	emaera.com	TAKEN	6
root6	Beliva	beliva.com	TAKEN	6
root6	Gerera	gerera.com	TAKEN	6
root6	Penynx	penynx.com	AVAILABLE	6
root6	Ariero	ariero.com	TAKEN	6
root6	Geruma	geruma.com	TAKEN	6
root6	Calira	calira.com	TAKEN	6
root6	Ilyynx	ilyynx.com	AVAILABLE	6
root6	Axiera	axiera.com	TAKEN	6
root6	Solema	solema.com	TAKEN	6
root6	Beluma	beluma.com	TAKEN	6
root6	Xenira	xenira.com	TAKEN	6
root6	Verona	verona.com	TAKEN	6
root6	Taryri	taryri.com	AVAILABLE	6
root6	Fereri	fereri.com	TAKEN	6
root6	Zelyna	zelyna.com	TAKEN	6
root6	Veruri	veruri.com	AVAILABLE	6
root6	Gerola	gerola.com	TAKEN	6
root6	Deluma	deluma.com	TAKEN	6
root6	Tarila	tarila.com	TAKEN	6
root6	Torona	torona.com	TAKEN	6
root6	Artela	artela.com	TAKEN	6
root6	Verino	verino.com	TAKEN	6
root6	Deleta	deleta.com	TAKEN	6
root6	Ariira	ariira.com	TAKEN	6
root6	Emaena	emaena.com	TAKEN	6
root6	Iroiza	iroiza.com	AVAILABLE	6
root6	Caliva	caliva.com	TAKEN	6
root6	Zelari	zelari.com	TAKEN	6
root6	Emaiza	emaiza.com	AVAILABLE	6
root6	Ilyari	ilyari.com	TAKEN	6
